periods,weights,selected_periods
9,68.7342965320716,true
71,9.047154943143692,true
103,26.465712056508227,true
109,32.92874324717248,true
152,33.48929151895162,true
161,31.1106798786571,true
209,19.16543182697006,true
232,24.4544758636556,true
280,38.68876984650607,true
282,35.11735489459023,true
294,14.707466305634279,true
328,31.09062308613908,true
