scen_number;sensitivity;n_iter;walltime;PrimalResidual_ETS;PrimalResidual_MSR;PrimalResidual_EOM;PrimalResidual_REC;PrimalResidual_H2;PrimalResidual_H2CN_prod;PrimalResidual_H2CN_cap;DualResidual_ETS;DualResidual_EOM;DualResidual_REC;DualResidual_H2;DualResidual_H2CN_prod;DualResidual_H2CN_cap;Beta;EUA_2022;CumulativeEmissions;TotalCost
1;ref;50;3.1153358316666693;116.37127352884582;0.0;0.7097266106804219;15.14151166543908;159.99854518459915;0.0;0.0;59.969815409305866;1.3958793775017686;10.635595445409528;92.15825842131255;0.0;0.0;0.6977601365962163;1.4e6;88.96967343625919;18501.389985127716;1.6267995425548023e6;0.0
2;ref;50;3.1153358316666693;116.37127352884582;0.0;0.7097266106804219;15.14151166543908;159.99854518459915;0.0;0.0;59.969815409305866;1.3958793775017686;10.635595445409528;92.15825842131255;0.0;0.0;0.6977601365962163;1.4e6;88.96967343625919;18501.389985127716;1.6267995425548023e6;0.0
3;ref;50;3.1153358316666693;116.37127352884582;0.0;0.7097266106804219;15.14151166543908;159.99854518459915;0.0;0.0;59.969815409305866;1.3958793775017686;10.635595445409528;92.15825842131255;0.0;0.0;0.6977601365962163;1.4e6;88.96967343625919;18501.389985127716;1.6267995425548023e6;0.0
4;ref;50;3.1153358316666693;116.37127352884582;0.0;0.7097266106804219;15.14151166543908;159.99854518459915;0.0;0.0;59.969815409305866;1.3958793775017686;10.635595445409528;92.15825842131255;0.0;0.0;0.6977601365962163;1.4e6;88.96967343625919;18501.389985127716;1.6267995425548023e6;0.0
