scen_number;sensitivity;n_iter;walltime;PrimalResidual_ETS;PrimalResidual_MSR;PrimalResidual_EOM;PrimalResidual_REC;PrimalResidual_H2;PrimalResidual_H2CN_prod;PrimalResidual_H2CN_cap;DualResidual_ETS;DualResidual_EOM;DualResidual_REC;DualResidual_H2;DualResidual_H2CN_prod;DualResidual_H2CN_cap;Beta;EUA_2021;CumulativeEmissions;TotalCost
1;ref;5;0;3865.187682077489;31.23570966845658;52.37422275631206;1190.1145619205943;688.6249260337128;0.0;0.0;229.04934330377776;1.2498371392075138;345.50697961444615;232.89711340354705;0.0;0.0;0.23587205465815225;5.263524323776907;35035.154675096135;387318.5237881613
1;ref;553;0;2861.6922899220785;0.05951291462389481;10.200978375576947;254.32852366919803;75.29164187409326;0.0;0.0;1466.3045277448077;8.207323860318596;60.373490981661305;27.495260793369525;0.0;0.0;-0.09851415696162173;57561.731493390434;30812.45867016404;5.45134138296007e6
