scen_number;sensitivity;n_iter;walltime;PrimalResidual_ETS;PrimalResidual_MSR;PrimalResidual_EOM;PrimalResidual_REC;PrimalResidual_H2;PrimalResidual_H2CN_prod;PrimalResidual_H2CN_cap;DualResidual_ETS;DualResidual_EOM;DualResidual_REC;DualResidual_H2;DualResidual_H2CN_prod;DualResidual_H2CN_cap;Beta;EUA_2021;CumulativeEmissions;TotalCost;PolicyCost
1;ref;1000;62.50707025666672;1.7902106558445776;0.0;0.37709472482350553;0.027781733708324614;315.7718701597581;0.0;0.0;0.8518855584100188;0.7287747601750189;0.02861380853174848;236.32273296267064;0.0;0.0;0.9836336441629275;96.76971992997733;16490.125209307247;2.4359146576377396e6;0.0
22;ref;1000;21.36033133166669;4.557089545926007;0.0;0.3786865649715835;0.04032057999668113;329.0940849230126;0.0;0.0;7.877325872550268;0.7261077355413349;0.020025733417149368;245.957118995123;0.0;0.0;0.9836336441629275;96.33045459630883;16500.521947910718;2.4384744674854665e6;0.0
2;ref;5000;103.24711529000008;31.593858405887826;0.0;0.18828017660042237;0.00974516770812245;339.2291757837963;0.0;0.0;16.241510858083295;0.36204643126881636;0.003689055133542905;247.25211850617666;0.0;0.0;0.9836336441629275;105.4543819594637;16540.263641256217;2.5029625211852654e6;0.0
