scen_number;sensitivity;n_iter;walltime;PrimalResidual_ETS;PrimalResidual_MSR;PrimalResidual_EOM;PrimalResidual_REC;PrimalResidual_H2;PrimalResidual_H2CN_prod;PrimalResidual_H2CN_cap;DualResidual_ETS;DualResidual_EOM;DualResidual_REC;DualResidual_H2;DualResidual_H2CN_prod;DualResidual_H2CN_cap;Beta;Alpha;EUA_2022;CumulativeEmissions;TotalCost;PolicyCost
1;ref;50;3.1153358316666693;116.37127352884582;0.0;0.7097266106804219;15.14151166543908;159.99854518459915;0.0;0.0;59.969815409305866;1.3958793775017686;10.635595445409528;92.15825842131255;0.0;0.0;0.6977601365962163;6e6;88.96967343625919;18501.389985127716;1.6267995425548023e6;0.0
5;ref;4577;144.7131244316668;1.3949273430664642;0.0;0.013693353888559422;5.592878748374577e-6;1.3135442979670038;0.0;0.0;1.0524035836916534;0.014123655534413672;8.57280724071382e-6;1.2080910576611554;0.0;0.0;0.6977601365962163;6.0e6;51.7439880094208;18060.29870378485;4.603350337879296e6;0.0
