scen_number;sensitivity;n_iter;walltime;PrimalResidual_ETS;PrimalResidual_MSR;PrimalResidual_EOM;PrimalResidual_REC;PrimalResidual_H2;PrimalResidual_H2CN_prod;PrimalResidual_H2CN_cap;DualResidual_ETS;DualResidual_EOM;DualResidual_REC;DualResidual_H2;DualResidual_H2CN_prod;DualResidual_H2CN_cap;Beta;EUA_2021;CumulativeEmissions;TotalCost
1;ref;270;8.815189412;32.34794288;1.71735979;0.268414988;5.391168184;0.454904148;0;0;35.98654434;0.206344792;5.617180916;0.445051874;0;0;0.62940285;33.30192551;24384.08599;1.01E+06
7;ref;776;17.24409676833335;22.34514739423575;0.32675057429197846;0.23727636178910297;5.089784076738564;5.911840080949495;0.020064188273823627;0.0;16.067245742047678;0.21899644934587403;5.118991060260026;3.1496445218199454;0.021630071770401528;0.0;0.62940285;102.97335222595773;12384.933286289166;1.5373787185076848e6
