scen_number;sensitivity;n_iter;walltime;PrimalResidual_ETS;PrimalResidual_MSR;PrimalResidual_EOM;PrimalResidual_REC;PrimalResidual_H2;PrimalResidual_H2CN_prod;PrimalResidual_H2CN_cap;DualResidual_ETS;DualResidual_EOM;DualResidual_REC;DualResidual_H2;DualResidual_H2CN_prod;DualResidual_H2CN_cap;Beta;EUA_2021;CumulativeEmissions;TotalCost
1;ref;249;18.070001302766677;12.171936357519103;1.9086567588425296;2.2419415387109565;3.462966368581446;5.012738081305102;0.0;0.0;16.316929489606473;1.756157961619649;5.084643153944831;7.44642717210331;0.0;0.0;0.3688232998933864;87.36789777322231;12547.556417221442;1.6121870194650313e6
1;ref;245;51.09613044815002;16.41616792305437;3.8806622373315154;2.330784814099014;3.7068643422037515;20.286480113297777;0.0;0.0;14.7897885729088;1.8548501969906601;5.295270717919858;6.461202053482228;0.0;0.0;0.3713630280955597;87.89908996792151;12609.016882276608;1.6188510469906074e6
1;ref;245;53.722894987016694;16.41616792305437;3.8806622373315154;2.330784814099014;3.7068643422037515;20.286480113297777;0.0;0.0;14.7897885729088;1.8548501969906601;5.295270717919858;6.461202053482228;0.0;0.0;0.3713630280955597;87.89908996792151;12609.016882276608;1.6188510469906074e6
2;ref;282;18.981659958716673;16.098849705010636;1.3575801692673872;1.8523362082669876;4.409813571684164;8.526516642301809;0.0026375453353729944;0.0;9.585987629722121;1.0352986432799074;5.646272513588971;8.650414917171265;0.0014054641994139788;0.0;0.3688232998933864;60.77849023352577;12068.315549095816;1.892718688968532e6
3;ref;280;18.95779497965001;16.32191502514017;1.685985184047649;1.7792922714631607;4.983617108161365;6.929930613246302;0.030627185916094823;0.0;12.741515808701454;0.9379725260853988;6.378219219011954;6.372404118750776;0.10118933818767885;0.0;0.3688232998933864;59.708124330712714;12145.477575647152;1.9020880905488268e6
4;ref;282;17.898113731733343;16.098849705010636;1.3575801692673872;1.8523362082669876;4.409813571684164;8.526516642301809;0.0026375453353729944;0.0;9.585987629722121;1.0352986432799074;5.646272513588971;8.650414917171265;0.0014054641994139788;0.0;0.3688232998933864;60.77849023352577;12068.315549095816;1.892718688968532e6
5;ref;282;18.81397209230001;16.098849705010636;1.3575801692673872;1.8523362082669876;4.409813571684164;8.526516642301809;0.0026375453353729944;0.0;9.585987629722121;1.0352986432799074;5.646272513588971;8.650414917171265;0.0014054641994139788;0.0;0.3688232998933864;60.77849023352577;12068.315549095816;1.892718688968532e6
