scen_number;sensitivity;n_iter;walltime;PrimalResidual_ETS;PrimalResidual_MSR;PrimalResidual_EOM;PrimalResidual_REC;PrimalResidual_H2;PrimalResidual_H2CN_prod;PrimalResidual_H2CN_cap;DualResidual_ETS;DualResidual_EOM;DualResidual_REC;DualResidual_H2;DualResidual_H2CN_prod;DualResidual_H2CN_cap;Beta;EUA_2022;CumulativeEmissions;TotalCost
1;ref;5433;3953.4620444241855;0.020488525197494185;0.0;0.04134323820214523;0.3320647675458422;0.3125608214916489;0.0001571494729708921;0.0008986512904104021;0.02371629419337651;0.03340386716605847;0.22475124778558242;0.1879030063996363;0.0003448997529543077;0.00022561915468328182;0.8608538465981144;79.59407767988017;19206.765576223974;2.2095256291996785e6
