scen_number;n_iter;walltime;PrimalResidual_ETS;PrimalResidual_MSR;PrimalResidual_EOM;PrimalResidual_REC;DualResidual_ETS;DualResidual_EOM;DualResidual_REC;Beta;EUA_2021;CumulativeEmissions;Cancellation;WBseal;WBL;dirWBL;indirWBL
1.0;655.0;565.2308922050005;41.93908727885066;2.768490231180296;0.26802052296772844;8.581255252548193;37.53187660349891;0.29004495717886813;6.661809631891934;0.22807187923827157;29.487970647093636;31530.603036411667;12285.669911097884;2058.0;NaN;NaN;NaN
2.0;1000.0;8.386012506666674;27.186214817307523;1.5984215829536532;0.12612917571779583;4.276193352754845;13.650543185157227;0.08310371740308435;5.6879145096226615;0.22807187923827157;39.23224715101158;20557.11655351027;6180.582430488566;2027.0;NaN;NaN;NaN
1.0;655.0;15.97646165666668;41.93904793107783;2.7684741189748476;0.26802063004858284;8.581255522149593;37.531850462180586;0.2900443481231635;6.661809663973015;0.2280718796932345;29.487972546949646;31530.60277175068;12285.67031458308;2058.0;NaN;NaN;NaN
2.0;1000.0;8.264356795000007;27.186214817307523;1.5984215829536532;0.12612917571779583;4.276193352754845;13.650543185157227;0.08310371740308435;5.6879145096226615;0.22807187923827157;39.23224715101158;20557.11655351027;6180.582430488566;2027.0;NaN;NaN;NaN
3.0;527.0;124.10468662833344;32.81016891578724;4.8185279585734335;0.3735728893507201;10.178413149019672;34.49869027625751;0.3600340282567532;7.926855656462361;0.0002546444697792498;30.055375045081394;29397.615157387885;14556.922398446186;2057.0;NaN;NaN;NaN
4.0;1000.0;7.047967071666673;27.352047791275158;2.2045352638108704;0.1370163265565256;4.2741776547506;18.182875780951264;0.08339092248315318;5.651416309638348;0.0002546444697792498;31.02298604484441;19692.191095023984;6989.03561421702;2028.0;NaN;NaN;NaN
