scen_number;n_iter;walltime;PrimalResidual_ETS;PrimalResidual_MSR;PrimalResidual_EOM;PrimalResidual_REC;PrimalResidual_H2;PrimalResidual_H2CN_prod;PrimalResidual_H2CN_cap;DualResidual_ETS;DualResidual_EOM;DualResidual_REC;DualResidual_H2;DualResidual_H2CN_prod;DualResidual_H2CN_cap;Beta;EUA_2021;CumulativeEmissions;TotalCost
1.0;366.0;46.16670787833337;33.687337860632475;1.4901213445815915;0.2944933823563898;11.569218887358375;2.3374141898146807;0.0;0.0;38.432800200939965;0.2133695276425069;13.947705722181484;2.997670445320895;0.0;0.0;0.5331700830757123;28.099939471220406;38905.60030225927;1.0373763758531054e6
