scen_number;n_iter;walltime;PrimalResidual_ETS;PrimalResidual_MSR;PrimalResidual_EOM;PrimalResidual_REC;DualResidual_ETS;DualResidual_EOM;DualResidual_REC;Beta;EUA_2021;CumulativeEmissions;Cancellation;WBseal
1.0;518.0;150.2727806866668;42.18453918083969;3.353057288516648;0.871487643438665;15.462710517933719;39.59792126769542;0.6768458618057344;9.597754278853172;0.0252496812573679;24.643341329854366;25990.556999111053;18646.41666639852;2057.0
2.0;50.0;1.495349946666668;1382.2422663009413;24.44473157897477;8.118584691667431;44.15254266454377;759.8813277817138;21.173480407127748;54.9412114927066;0.0252496812573679;14.287958274059688;19313.789626920225;17451.421499880846;2041.0
2.0;50.0;1.454615146666668;1382.2422663009413;24.44473157897477;8.118584691667431;44.15254266454377;759.8813277817138;21.173480407127748;54.9412114927066;0.0252496812573679;14.287958274059688;19313.789626920225;17451.421499880846;2041.0
2.0;50.0;0.07179968000000006;1382.2422663009413;24.44473157897477;8.118584691667431;44.15254266454377;759.8813277817138;21.173480407127748;54.9412114927066;0.0252496812573679;14.287958274059688;19313.789626920225;17451.421499880846;2041.0
2.0;50.0;2.5401657766666688;1382.2422663009413;24.44473157897477;8.118584691667431;44.15254266454377;759.8813277817138;21.173480407127748;54.9412114927066;0.0252496812573679;14.287958274059688;19313.789626920225;17451.421499880846;2041.0
2.0;1772.0;0.0;89.67904477739178;3.587044523806092;0.22954661422074052;1.6883319744132548;87.51229197790435;0.3641740322353802;1.935412094747805;0.0252496812573679;59.04217427813472;13001.222661813823;14381.397764149859;2049.0
