scen_number;sensitivity;n_iter;walltime;PrimalResidual_ETS;PrimalResidual_MSR;PrimalResidual_EOM;PrimalResidual_REC;PrimalResidual_H2;PrimalResidual_H2CN_prod;PrimalResidual_H2CN_cap;DualResidual_ETS;DualResidual_EOM;DualResidual_REC;DualResidual_H2;DualResidual_H2CN_prod;DualResidual_H2CN_cap;Beta;EUA_2021;CumulativeEmissions;TotalCost
1;;253;111.5952395;37.32625205;3.517751045;0.362957559;9.466667662;2.545416199;0;0;35.41455319;0.337860767;14.16053503;4.021239674;0;0;0.430884423;29.54905299;36045.11833;960830.0455
2;ref;798;12.745226990000011;23.723671130136573;0.5510857238285497;0.06399233092635072;2.2649070586806825;0.5196025648049282;0.0;0.0;17.42264582579743;0.05041128538590743;6.863914926738686;1.2655679466523533;0.0;0.0;0.430884423;63.21845318137897;16125.302391530082;1.7205538086807851e6
2;ref;798;15.475547303333347;23.723671130136573;0.5510857238285497;0.06399233092635072;2.2649070586806825;0.5196025648049282;0.0;0.0;17.42264582579743;0.05041128538590743;6.863914926738686;1.2655679466523533;0.0;0.0;0.430884423;63.21845318137897;16125.302391530082;1.7205538086807851e6
2;ref;798;15.273940400000013;23.723671130136573;0.5510857238285497;0.06399233092635072;2.2649070586806825;0.5196025648049282;0.0;0.0;17.42264582579743;0.05041128538590743;6.863914926738686;1.2655679466523533;0.0;0.0;0.430884423;63.21845318137897;16125.302391530082;1.7205538086807851e6
2;low natural gas price;776;16.780321158333347;23.94172985199915;0.7476250496478398;0.078310526267483;1.6062968938985047;1.1762057750860524;0.0;0.0;17.101833579295935;0.05164799889859279;7.12896524524554;0.8885616231472089;0.0;0.0;0.430884423;63.096702360031;16280.017588417126;1.6966579685602374e6
