periods,weights,selected_periods
25,82.80849306287797,true
214,75.19658775146236,true
217,106.27036748991412,true
302,100.72455169574556,true
