periods,weights,selected_periods
32,92.13001655229552,true
126,96.7608318860552,true
149,72.15805833587835,true
298,103.95109322577092,true
