periods,January,February,March,April,May,June,July,August,September,October,November,December
32.0,22.58350845735226,16.95583695717448,10.979805166385372,3.252411029537941,1.969358755182721,2.2093742568181214,1.293566004190677,0.9336551406999146,1.035495901120891,1.5802439130809045,12.222039346854702,17.11472162389745
126.0,0.7102221984929882,1.4492093680917706,5.597127464844097,11.674159383947009,11.632077125662448,10.41811947226911,15.930586353114975,17.183509489297133,13.621822772357135,4.395421004751116,2.9138717847166826,1.234705468510739
149.0,4.461342868877155,2.6524937571990694,7.3763524273557985,7.478319261507836,12.255119074141707,9.382914721105884,9.763879205764328,7.173884290281499,5.842306023325579,2.0240807836898327,2.8799717976028196,0.8673941250268993
298.0,3.244926475277474,6.942459917534677,7.046714941414731,7.595110325007214,5.143445045013122,7.989591549806882,4.011968436930018,5.708951079721452,9.500375303196396,23.00025429847815,11.984117070825794,11.783178782564914
