Iterations;PrimalResidual_ETS;PrimalResidual_MSR;PrimalResidual_EOM;PrimalResidual_REC;PrimalResidual_H2;PrimalResidual_H2CN_prod;PrimalResidual_H2CN_cap;DualResidual_ETS;DualResidual_EOM;DualResidual_REC;DualResidual_H2;DualResidual_H2CN_prod;DualResidual_H2CN_cap
1.0;16.48424973462673;0.0;1.92949045572692;0.892077043136646;1.2801716429872756;0.0;5.015478294025155;15.719110743435758;1.4580460533944117;4.883702524458736;1.9334123134103383;0.0;6.076567329158142
2.0;16.399480872038772;0.0;1.9238911381399775;0.8856101123581028;1.264024647500778;0.0;5.012496472565739;15.011334398018827;1.4966893026230315;4.872069772498438;1.956730051989441;0.0;6.002055081378559
