Iterations;PrimalResidual_ETS;PrimalResidual_MSR;PrimalResidual_EOM;PrimalResidual_REC;PrimalResidual_H2;PrimalResidual_H2CN_prod;PrimalResidual_H2CN_cap;DualResidual_ETS;DualResidual_EOM;DualResidual_REC;DualResidual_H2;DualResidual_H2CN_prod;DualResidual_H2CN_cap
1.0;2057.431061959877;680.5717055473788;557.2511326096268;2095.0508543644273;228.56327727460283;0.0;0.0002027961255614922;3588.632716082117;742.4953183362619;1102.6189847141613;161.71037140587146;0.0;0.0001180782755196603
2.0;6472.915363677427;1374.2649372230462;526.3168272312266;2092.7808775717267;471.75009848041003;0.0;0.00019730941074423287;2303.4295743701296;604.1425248504752;1126.0776831942328;239.44537198604894;0.0;7.77433460485814e-5
