Iterations;PrimalResidual_ETS;PrimalResidual_MSR;PrimalResidual_EOM;PrimalResidual_REC;PrimalResidual_H2;PrimalResidual_H2CN_prod;PrimalResidual_H2CN_cap;DualResidual_ETS;DualResidual_EOM;DualResidual_REC;DualResidual_H2;DualResidual_H2CN_prod;DualResidual_H2CN_cap
1.0;16.644774098540896;3.580253101312692;2.3343916191225142;3.7403422763841996;14.749671710917621;0.0;0.0;15.180566988604502;1.9419990307254376;5.304631557144005;7.033930910025474;0.0;0.0
2.0;16.41616792305437;3.8806622373315154;2.330784814099014;3.7068643422037515;20.286480113297777;0.0;0.0;14.7897885729088;1.8548501969906601;5.295270717919858;6.461202053482228;0.0;0.0
