Iterations;PrimalResidual_ETS;PrimalResidual_MSR;PrimalResidual_EOM;PrimalResidual_REC;PrimalResidual_H2;PrimalResidual_H2CN_prod;PrimalResidual_H2CN_cap;DualResidual_ETS;DualResidual_EOM;DualResidual_REC;DualResidual_H2;DualResidual_H2CN_prod;DualResidual_H2CN_cap
1.0;16.539661762523338;0.0;1.7188800078425504;0.8356470749834107;0.9124909299976365;0.0;0.000422782128117494;8.7887464205401;1.202249433519459;4.895338394948711;1.1952420514673678;0.0;0.0001684740295466973
2.0;16.228767384874672;0.0;1.7158106314624204;0.831893774792974;0.9463938434922863;0.0;0.00039857440214331334;8.781312401993675;1.3166040110809683;4.889306671054809;1.1943931467190103;0.0;0.0008104855966088476
