Iterations;PrimalResidual_ETS;PrimalResidual_MSR;PrimalResidual_EOM;PrimalResidual_REC;PrimalResidual_H2;PrimalResidual_H2CN_prod;PrimalResidual_H2CN_cap;DualResidual_ETS;DualResidual_EOM;DualResidual_REC;DualResidual_H2;DualResidual_H2CN_prod;DualResidual_H2CN_cap
1.0;16.57947515996975;0.0;1.7192043510106836;0.8083221357832538;0.9995127553654815;0.010808923290011442;0.0;8.77778952249496;1.3609604149346262;4.921096110979072;1.2143838813573784;0.017785566165519424;0.0
2.0;16.272956432706053;0.0;1.7188147190180003;0.8027434940590265;0.9970311982587715;0.01064938661682667;0.0;8.790919888257518;1.261545660723373;4.915670503801099;1.2072501566476148;0.01776980545235053;0.0
