Iterations;PrimalResidual_ETS;PrimalResidual_MSR;PrimalResidual_EOM;PrimalResidual_REC;PrimalResidual_H2;PrimalResidual_H2CN_prod;PrimalResidual_H2CN_cap;DualResidual_ETS;DualResidual_EOM;DualResidual_REC;DualResidual_H2;DualResidual_H2CN_prod;DualResidual_H2CN_cap
1.0;16.686826379244014;1.4789482217040348;1.860318689312;4.4416763651828;9.35576181292468;0.002734224645397729;0.0;9.639368728959202;0.9503507280485329;5.650306847621476;8.474818007073333;0.0014674126125688895;0.0
2.0;16.098849705010636;1.3575801692673872;1.8523362082669876;4.409813571684164;8.526516642301809;0.0026375453353729944;0.0;9.585987629722121;1.0352986432799074;5.646272513588971;8.650414917171265;0.0014054641994139788;0.0
