Iterations;PrimalResidual_ETS;PrimalResidual_MSR;PrimalResidual_EOM;PrimalResidual_REC;PrimalResidual_H2;PrimalResidual_H2CN_prod;PrimalResidual_H2CN_cap;DualResidual_ETS;DualResidual_EOM;DualResidual_REC;DualResidual_H2;DualResidual_H2CN_prod;DualResidual_H2CN_cap
1.0;16.588957864636637;0.0;1.8149144658658953;0.9193754424086307;2.6190355163560715;0.1054232795484826;0.0;12.74838819818193;1.483066888217178;4.897807636944212;1.9575811319680956;0.16903631465705468;0.0
2.0;16.333222961691252;0.0;1.811884298877677;0.9140463204570808;3.767040709618631;0.10927600383464751;0.0;12.295631109958308;1.3549040256198395;4.891649187906694;1.8860513189744217;0.15613351100281098;0.0
