Iterations;PrimalResidual_ETS;PrimalResidual_MSR;PrimalResidual_EOM;PrimalResidual_REC;PrimalResidual_H2;PrimalResidual_H2CN_prod;PrimalResidual_H2CN_cap;DualResidual_ETS;DualResidual_EOM;DualResidual_REC;DualResidual_H2;DualResidual_H2CN_prod;DualResidual_H2CN_cap
1.0;2860.8884452558123;0.08156100036657608;10.201700441919906;254.3285236028857;75.116771146748;0.0;0.0;1463.2595345601524;7.463250832238491;60.31331325468979;37.99567178538769;0.0;0.0
2.0;2861.6922899220785;0.05951291462389481;10.200978375576947;254.32852366919803;75.29164187409326;0.0;0.0;1466.3045277448077;8.207323860318596;60.373490981661305;27.495260793369525;0.0;0.0
