Iterations;PrimalResidual_ETS;PrimalResidual_MSR;PrimalResidual_EOM;PrimalResidual_REC;PrimalResidual_H2;PrimalResidual_H2CN_prod;PrimalResidual_H2CN_cap;DualResidual_ETS;DualResidual_EOM;DualResidual_REC;DualResidual_H2;DualResidual_H2CN_prod;DualResidual_H2CN_cap
1.0;16.18191810324931;0.0;1.7704231286355667;0.9804798005611459;1.3402554993140166;0.023962747243823433;0.0;16.6372848090365;1.291655327167195;5.06036840967601;1.3055828668892349;0.01963247669613472;0.0
2.0;16.172680986382804;0.0;1.7685996644912965;0.9760531393623767;1.1676586368354938;0.026653594238049617;0.0;16.302488184449;1.3267796863048493;5.054130304767995;1.3073021635318978;0.01864684695544237;0.0
