Iterations;PrimalResidual_ETS;PrimalResidual_MSR;PrimalResidual_EOM;PrimalResidual_REC;PrimalResidual_H2;PrimalResidual_H2CN_prod;PrimalResidual_H2CN_cap;DualResidual_ETS;DualResidual_EOM;DualResidual_REC;DualResidual_H2;DualResidual_H2CN_prod;DualResidual_H2CN_cap
1.0;16.53965676083714;0.0;1.718879306808855;0.8356349218561904;0.9124762786966049;0.0;0.0003019872454012798;8.788743858155268;1.202273521411168;4.895340115670131;1.1952625091146296;0.0;0.00012033816889312275
2.0;16.228769531072096;0.0;1.7158099753734797;0.8318742300496873;0.9463675777423416;0.0;0.00028469600419161426;8.781323846925808;1.3165448174322925;4.889299760180506;1.194413787779521;0.0;0.0005789185627906344
