Iterations;PrimalResidual_ETS;PrimalResidual_MSR;PrimalResidual_EOM;PrimalResidual_REC;PrimalResidual_H2;PrimalResidual_H2CN_prod;PrimalResidual_H2CN_cap;DualResidual_ETS;DualResidual_EOM;DualResidual_REC;DualResidual_H2;DualResidual_H2CN_prod;DualResidual_H2CN_cap
1.0;16.58181231274841;0.0;1.715846396619087;0.8242568271259074;1.0726750442752941;0.012383268456462593;0.0;8.73831737111697;1.2381607279422346;4.942088564032464;1.2029639808687984;0.017539110303029886;0.0
2.0;16.274312439043996;0.0;1.7141761019244441;0.8196004692296983;0.9076223476509607;0.012128667876761782;0.0;8.737809753311035;1.3505682248172004;4.935948894318148;1.2044519411458696;0.017525897708613524;0.0
