Iterations;PrimalResidual_ETS;PrimalResidual_MSR;PrimalResidual_EOM;PrimalResidual_REC;PrimalResidual_H2;PrimalResidual_H2CN_prod;PrimalResidual_H2CN_cap;DualResidual_ETS;DualResidual_EOM;DualResidual_REC;DualResidual_H2;DualResidual_H2CN_prod;DualResidual_H2CN_cap
1.0;16.45775543963122;0.0;1.975965298451448;0.7918112219808384;1.2064880968902227;0.0;6.096687526398077;16.58333677833381;1.3316939586587397;4.885180777835036;1.6822004129560935;0.0;4.350272098897405
2.0;16.32605951584824;0.0;1.9712447301748846;0.7889217204102752;1.2027163674253163;0.0;6.10516546598418;16.19553835431986;1.2110458855944242;4.881899931199742;1.7211807050979295;0.0;4.414925993482199
