Iterations;PrimalResidual_ETS;PrimalResidual_MSR;PrimalResidual_EOM;PrimalResidual_REC;PrimalResidual_H2;PrimalResidual_H2CN_prod;PrimalResidual_H2CN_cap;DualResidual_ETS;DualResidual_EOM;DualResidual_REC;DualResidual_H2;DualResidual_H2CN_prod;DualResidual_H2CN_cap
1.0;16.529820655021656;0.0;1.9404163608327478;0.8020044551852377;0.9434745632120813;0.0;2.9046340853636607;16.9165123550293;1.4512334395623365;5.008283667850197;1.716143186873946;0.0;3.1369648304173228
2.0;16.412369132641793;0.0;1.9364086860845289;0.7973362807154964;0.9468818787630653;0.0;2.91800221728595;16.467782868883646;1.159744098829251;5.001794002837258;1.7294696230107482;0.0;3.023610517799567
