Iterations;PrimalResidual_ETS;PrimalResidual_MSR;PrimalResidual_EOM;PrimalResidual_REC;PrimalResidual_H2;PrimalResidual_H2CN_prod;PrimalResidual_H2CN_cap;DualResidual_ETS;DualResidual_EOM;DualResidual_REC;DualResidual_H2;DualResidual_H2CN_prod;DualResidual_H2CN_cap
1.0;16.539654171923857;0.0;1.7188778618933773;0.8356362869777314;0.912494339488537;0.0;0.0003623846855823158;8.788779841092422;1.202283025016005;4.895321372697315;1.1952299396797585;0.0;0.00014440609878328214
2.0;16.228766099957088;0.0;1.7158098517919318;0.831870473467084;0.9463763789157499;0.0;0.00034163520566045293;8.781346690862911;1.316522360503385;4.889307378341331;1.194367824858267;0.0;0.000694701957146996
