Iterations;PrimalResidual_ETS;PrimalResidual_MSR;PrimalResidual_EOM;PrimalResidual_REC;PrimalResidual_H2;PrimalResidual_H2CN_prod;PrimalResidual_H2CN_cap;DualResidual_ETS;DualResidual_EOM;DualResidual_REC;DualResidual_H2;DualResidual_H2CN_prod;DualResidual_H2CN_cap
1.0;16.53966556759543;0.0;1.7188785874694408;0.8356406761796727;0.9125279075815848;0.0;0.000543577015016784;8.788739173678746;1.2022924225579243;4.895340287979841;1.195219868288846;0.0;0.0002166095831133024
2.0;16.22877860772152;0.0;1.715809806047158;0.8318827647287381;0.9463760810904003;0.0;0.0005124528004690719;8.781315130541865;1.316569677241288;4.889307582297707;1.1943785614540219;0.0;0.0010420527576411277
