Iterations;PrimalResidual_ETS;PrimalResidual_MSR;PrimalResidual_EOM;PrimalResidual_REC;PrimalResidual_H2;PrimalResidual_H2CN_prod;PrimalResidual_H2CN_cap;DualResidual_ETS;DualResidual_EOM;DualResidual_REC;DualResidual_H2;DualResidual_H2CN_prod;DualResidual_H2CN_cap
1.0;5.822953963743282;0.0;0.34926898123250877;0.2091373315961046;0.3158043292210406;0.0;2.3400000001553334;4.70595293093494;0.23637000602209274;2.5381955562810368;0.3247221606021776;0.0;5.423240893133069e-6
2.0;5.817154842915024;0.0;0.34890454657755926;0.2069309564365452;0.3214949783698905;0.0;2.340000000154754;4.7342135086323;0.21409297882705164;2.537778288137267;0.31777395829376226;0.0;5.417597070367751e-6
