Iterations;PrimalResidual_ETS;PrimalResidual_MSR;PrimalResidual_EOM;PrimalResidual_REC;PrimalResidual_H2;PrimalResidual_H2CN_prod;PrimalResidual_H2CN_cap;DualResidual_ETS;DualResidual_EOM;DualResidual_REC;DualResidual_H2;DualResidual_H2CN_prod;DualResidual_H2CN_cap
1.0;16.53244300505234;0.0;1.8645525629067339;1.2359126072274558;1.8727839109439524;0.044619440355314906;0.0;10.986307631892059;1.6789729172672172;6.813011030087424;3.356803950290624;0.02442897854917625;0.0
2.0;16.43362651831198;0.0;1.8582661391267266;1.2293651023638468;1.8142860862946557;0.04198500741343319;0.0;10.92144923346326;1.760721469833827;6.80297450327514;3.3851195546412955;0.024127332151261782;0.0
