Iterations;PrimalResidual_ETS;PrimalResidual_MSR;PrimalResidual_EOM;PrimalResidual_REC;PrimalResidual_H2;PrimalResidual_H2CN_prod;PrimalResidual_H2CN_cap;DualResidual_ETS;DualResidual_EOM;DualResidual_REC;DualResidual_H2;DualResidual_H2CN_prod;DualResidual_H2CN_cap
1.0;16.42300656553105;0.0;1.8993393635471127;1.2875753192131438;1.1183152145789084;0.02461337466610989;0.0;16.803446569179386;1.2730874312937426;7.346925061229782;2.173126038385055;0.04472824648656914;0.0
2.0;16.348272346515305;0.0;1.8945881643930305;1.2747977915325577;1.1369999321007331;0.024473520242398634;0.0;16.380475487804944;1.4151887838397907;7.3402150103664985;2.188726806126612;0.0450416438096145;0.0
