Iterations;PrimalResidual_ETS;PrimalResidual_MSR;PrimalResidual_EOM;PrimalResidual_REC;PrimalResidual_H2;PrimalResidual_H2CN_prod;PrimalResidual_H2CN_cap;DualResidual_ETS;DualResidual_EOM;DualResidual_REC;DualResidual_H2;DualResidual_H2CN_prod;DualResidual_H2CN_cap
1.0;16.532483736418673;0.0;1.9104437763236104;1.180857789783745;1.4023855403811967;0.03503011399905085;0.0;16.21298383928799;1.5150757186375958;7.187802037740501;2.594846390786674;0.06565489272349308;0.0
2.0;16.408360668578197;0.0;1.9090418209145967;1.1688040496136247;1.3955551400639779;0.03519519365607675;0.0;15.905458987541154;1.346994973783721;7.179798949744619;2.6145466054772903;0.06608606057481747;0.0
