Iterations;PrimalResidual_ETS;PrimalResidual_MSR;PrimalResidual_EOM;PrimalResidual_REC;PrimalResidual_H2;PrimalResidual_H2CN_prod;PrimalResidual_H2CN_cap;DualResidual_ETS;DualResidual_EOM;DualResidual_REC;DualResidual_H2;DualResidual_H2CN_prod;DualResidual_H2CN_cap
1.0;16.619438436653457;0.0;1.714076838889604;0.7730283021470333;1.0270009750276075;0.01392462634035355;0.0;8.694576273417667;1.2768113868543363;4.945405408726153;1.184812195634584;0.017248389356467643;0.0
2.0;16.310816750442743;0.0;1.7120738854812678;0.7679840866783635;0.8774838202088832;0.013454857549181866;0.0;8.684385147891652;1.3350097380663517;4.939200728658486;1.196953764887504;0.017232563284671713;0.0
