Iterations;PrimalResidual_ETS;PrimalResidual_MSR;PrimalResidual_EOM;PrimalResidual_REC;PrimalResidual_H2;PrimalResidual_H2CN_prod;PrimalResidual_H2CN_cap;DualResidual_ETS;DualResidual_EOM;DualResidual_REC;DualResidual_H2;DualResidual_H2CN_prod;DualResidual_H2CN_cap
1.0;16.299474797139283;0.0;1.9831628554456089;0.9000423192306135;1.7904175453586728;0.0;0.784970293299141;16.635578313060808;1.350320830790694;4.968696464367403;3.3173409510106997;0.0;0.8083820363207891
2.0;16.17520693359213;0.0;1.979125953805435;0.8946909905117882;1.815524311092627;0.0;0.777210399672742;16.273218150443146;1.3568517839512895;4.9622485738665505;3.347102460346639;0.0;0.7272673158689903
