Iterations;PrimalResidual_ETS;PrimalResidual_MSR;PrimalResidual_EOM;PrimalResidual_REC;PrimalResidual_H2;PrimalResidual_H2CN_prod;PrimalResidual_H2CN_cap;DualResidual_ETS;DualResidual_EOM;DualResidual_REC;DualResidual_H2;DualResidual_H2CN_prod;DualResidual_H2CN_cap
1.0;16.517188790889914;0.0;1.8724417225765988;1.1218605873500882;1.3885632331721594;0.03351311508231396;0.0;14.61125613860156;1.7243883534399465;7.152126157299008;2.695935568808013;0.06481640122136045;0.0
2.0;16.429671982570945;0.0;1.8702426084615056;1.1109639477068152;1.41964306184785;0.033150301856069826;0.0;14.339640321045591;1.576590450157425;7.142921935041622;2.718905937497978;0.06525035957774562;0.0
