Iterations;PrimalResidual_ETS;PrimalResidual_MSR;PrimalResidual_EOM;PrimalResidual_REC;PrimalResidual_H2;PrimalResidual_H2CN_prod;PrimalResidual_H2CN_cap;DualResidual_ETS;DualResidual_EOM;DualResidual_REC;DualResidual_H2;DualResidual_H2CN_prod;DualResidual_H2CN_cap
1.0;15.091754656295695;0.1825035093728637;0.571683848355639;0.7395076691216597;0.14355830343345063;0.0;0.0013663855009683052;9.513323124232175;0.5918447862410517;3.7224741028405846;0.2669774129972003;0.0;0.002997442303097495
2.0;15.063343215239755;0.12708738727136296;0.5701215252729248;0.736021174005379;0.15802651758791236;0.0;0.0014002349002276001;9.4998778288779;0.596743689885798;3.722866316975316;0.24817291153264529;0.0;0.0014928154018940697
