Iterations;PrimalResidual_ETS;PrimalResidual_MSR;PrimalResidual_EOM;PrimalResidual_REC;PrimalResidual_H2;PrimalResidual_H2CN_prod;PrimalResidual_H2CN_cap;DualResidual_ETS;DualResidual_EOM;DualResidual_REC;DualResidual_H2;DualResidual_H2CN_prod;DualResidual_H2CN_cap
1.0;16.76286608104566;0.0;1.7709998249943593;0.8182747910771329;0.880323140954598;0.0;0.0;13.160941935718299;1.3813992697391182;5.032728975432882;1.082050727837158;0.0;0.0
2.0;16.46520560958119;0.0;1.768074360019305;0.8175113179135093;0.8499194945944156;0.0;0.0;12.579924452597043;1.3877720287245785;5.02351011347156;1.0937231394722233;0.0;0.0
