Iterations;PrimalResidual_ETS;PrimalResidual_MSR;PrimalResidual_EOM;PrimalResidual_REC;PrimalResidual_H2;PrimalResidual_H2CN_prod;PrimalResidual_H2CN_cap;DualResidual_ETS;DualResidual_EOM;DualResidual_REC;DualResidual_H2;DualResidual_H2CN_prod;DualResidual_H2CN_cap
1.0;16.530945554207065;0.0;1.7846780555301698;1.0168965430155323;3.6364697472310623;0.0;0.3400000025987261;12.229668346718416;1.8215935712251066;4.802444144466401;2.114860139083513;0.0;9.939141481422844e-6
2.0;16.29556903703382;0.0;1.7816676706139793;1.0101407245917482;4.236460798677497;0.0;0.34000000257496554;12.037133473028753;1.8675559882568993;4.796204959230558;2.086611601305979;0.0;9.928037728015042e-6
