Iterations;PrimalResidual_ETS;PrimalResidual_MSR;PrimalResidual_EOM;PrimalResidual_REC;PrimalResidual_H2;PrimalResidual_H2CN_prod;PrimalResidual_H2CN_cap;DualResidual_ETS;DualResidual_EOM;DualResidual_REC;DualResidual_H2;DualResidual_H2CN_prod;DualResidual_H2CN_cap
1.0;15.95505862839503;0.0;1.9906065610603172;0.7954999705551351;1.7570269323436147;0.0;2.73530844738919;16.56059849995027;1.1648268727470628;4.973942644770199;3.4664176842240346;0.0;0.7159127266468607
2.0;15.847467381436656;0.0;1.9854242288588302;0.7903940929735752;1.803466366661717;0.0;2.5360543171920407;16.37627594449589;1.3485859201138293;4.96731294201874;3.4905314970677344;0.0;0.7547137651414831
