Iterations;PrimalResidual_ETS;PrimalResidual_MSR;PrimalResidual_EOM;PrimalResidual_REC;PrimalResidual_H2;PrimalResidual_H2CN_prod;PrimalResidual_H2CN_cap;DualResidual_ETS;DualResidual_EOM;DualResidual_REC;DualResidual_H2;DualResidual_H2CN_prod;DualResidual_H2CN_cap
1.0;15.017526534773534;0.0;1.8437799713376684;1.2224742254693899;1.4079060442647717;0.022370533126190265;0.0;16.48871132993782;1.481187692608229;7.2679621571722715;2.011336735936255;0.043817018756834636;0.0
2.0;14.931322279059025;0.0;1.8412943607062313;1.2116622581061025;1.4471260756548785;0.021469353526636627;0.0;16.150969384823757;1.5004368198017537;7.2599368341132084;2.0421175065384563;0.0442009548095486;0.0
