Iterations;PrimalResidual_ETS;PrimalResidual_MSR;PrimalResidual_EOM;PrimalResidual_REC;PrimalResidual_H2;PrimalResidual_H2CN_prod;PrimalResidual_H2CN_cap;DualResidual_ETS;DualResidual_EOM;DualResidual_REC;DualResidual_H2;DualResidual_H2CN_prod;DualResidual_H2CN_cap
1.0;17.26087132094872;1.4621633618432859;1.7800174445407182;4.869799609379361;7.5334172988191;0.03196783053457696;0.0;12.640829153230575;1.0912105235098912;6.561477321057979;6.487186308841633;0.01753134246226098;0.0
2.0;16.32191502514017;1.685985184047649;1.7792922714631607;4.983617108161365;6.929930613246302;0.030627185916094823;0.0;12.741515808701454;0.9379725260853988;6.378219219011954;6.372404118750776;0.10118933818767885;0.0
