Iterations;PrimalResidual_ETS;PrimalResidual_MSR;PrimalResidual_EOM;PrimalResidual_REC;PrimalResidual_H2;PrimalResidual_H2CN_prod;PrimalResidual_H2CN_cap;DualResidual_ETS;DualResidual_EOM;DualResidual_REC;DualResidual_H2;DualResidual_H2CN_prod;DualResidual_H2CN_cap
1.0;16.494820044763877;0.3671688208977896;1.9982144299917748;3.749674373064955;3.701208709825236;0.001787547826348418;0.0;11.996452934059285;1.0584137258278405;7.867604020998475;2.578778411760027;0.0006066820066786263;0.0
2.0;16.310163660350575;0.47368440322044486;1.9927833204752843;3.721642785773236;3.4957673260974857;0.0016835445262528776;0.0;11.67464521400218;0.9776041586561345;7.859692457592756;2.6015704485100457;0.0016178980815990467;0.0
