Iterations;PrimalResidual_ETS;PrimalResidual_MSR;PrimalResidual_EOM;PrimalResidual_REC;PrimalResidual_H2;PrimalResidual_H2CN_prod;PrimalResidual_H2CN_cap;DualResidual_ETS;DualResidual_EOM;DualResidual_REC;DualResidual_H2;DualResidual_H2CN_prod;DualResidual_H2CN_cap
1.0;16.367949281694653;0.0;1.947072533511991;0.7922553627001854;0.8916498878868079;0.0;3.345589155135105;16.544276091506642;1.3268360433929323;4.971845160637796;1.7200031833788911;0.0;2.714311001799757
2.0;16.251057567566377;0.0;1.942897444985549;0.7883734616602914;0.9435085358673126;0.0;3.3343537204509155;16.165802358067527;1.2101847191864918;4.967042289521943;1.7512684364946283;0.0;2.808278590361413
