Iterations;PrimalResidual_ETS;PrimalResidual_MSR;PrimalResidual_EOM;PrimalResidual_REC;PrimalResidual_H2;PrimalResidual_H2CN_prod;PrimalResidual_H2CN_cap;DualResidual_ETS;DualResidual_EOM;DualResidual_REC;DualResidual_H2;DualResidual_H2CN_prod;DualResidual_H2CN_cap
1.0;16.575606392796846;0.0;1.8973519421321252;1.2522378279063477;1.2542994451083187;0.026359942117386116;0.0;16.36321850599917;1.4889737767462647;7.290938884259052;2.3484824779382483;0.052815205825018335;0.0
2.0;16.463516206484197;0.0;1.894846779380666;1.2400403437671097;1.2736458357344702;0.02661104519525258;0.0;15.95988278380391;1.327337309845836;7.283560412333911;2.3701275853568853;0.05229412225769896;0.0
