Iterations;PrimalResidual_ETS;PrimalResidual_MSR;PrimalResidual_EOM;PrimalResidual_REC;PrimalResidual_H2;PrimalResidual_H2CN_prod;PrimalResidual_H2CN_cap;DualResidual_ETS;DualResidual_EOM;DualResidual_REC;DualResidual_H2;DualResidual_H2CN_prod;DualResidual_H2CN_cap
1.0;16.66909208576757;0.0;1.8192000450012336;0.9720353577408298;1.2341627803112047;0.04002275172300842;0.0;15.391300742617064;1.5777802011961395;4.943428033661233;2.2883387416645085;0.052824005520360144;0.0
2.0;16.342623348904393;0.0;1.8173209330740672;0.9659012662221856;1.2310612489707176;0.04014652790318509;0.0;15.396560543938126;1.4522515555892164;4.943421171240529;2.2927818230424877;0.05681674431766384;0.0
