Iterations;PrimalResidual_ETS;PrimalResidual_MSR;PrimalResidual_EOM;PrimalResidual_REC;PrimalResidual_H2;PrimalResidual_H2CN_prod;PrimalResidual_H2CN_cap;DualResidual_ETS;DualResidual_EOM;DualResidual_REC;DualResidual_H2;DualResidual_H2CN_prod;DualResidual_H2CN_cap
1.0;16.539660243183985;0.0;1.718878312944244;0.8356210936905714;0.9124822275375033;0.0;0.0004831795666053353;8.788761138565496;1.2022666612916153;4.895349139761648;1.195239900297063;0.0;0.00019254171863858108
2.0;16.228766300393207;0.0;1.7158096745001918;0.8318826773811687;0.9463829627193997;0.0;0.0004555136005040504;8.781319128085528;1.3165679957573548;4.889318528699416;1.1943916230581184;0.0;0.0009262690384777797
