Iterations;PrimalResidual_ETS;PrimalResidual_MSR;PrimalResidual_EOM;PrimalResidual_REC;PrimalResidual_H2;PrimalResidual_H2CN_prod;PrimalResidual_H2CN_cap;DualResidual_ETS;DualResidual_EOM;DualResidual_REC;DualResidual_H2;DualResidual_H2CN_prod;DualResidual_H2CN_cap
1.0;16.53389464823259;0.0;1.8572336080004472;1.2004744209037348;1.6830024079318895;0.04011670719265387;0.0;10.812796820007426;1.6544714139851475;6.863200087536143;3.2548795700489475;0.04263970720596965;0.0
2.0;16.43156774951107;0.0;1.8520562526450202;1.2168101851966076;1.6983110505932648;0.046824515384622914;0.0;10.739798217160537;1.7818321402073283;6.852497109498182;3.2818327226633883;0.04034239391920098;0.0
