Iterations;PrimalResidual_ETS;PrimalResidual_MSR;PrimalResidual_EOM;PrimalResidual_REC;PrimalResidual_H2;PrimalResidual_H2CN_prod;PrimalResidual_H2CN_cap;DualResidual_ETS;DualResidual_EOM;DualResidual_REC;DualResidual_H2;DualResidual_H2CN_prod;DualResidual_H2CN_cap
1.0;16.539659990738244;0.0;1.7188800929636483;0.8356370480814409;0.9125377512781468;0.0;0.00033218596405386216;8.788770551677736;1.202274075003436;4.895333649797082;1.1952374770060379;0.0;0.00013237204676875875
2.0;16.228774129224668;0.0;1.7158100945784265;0.8318974071285112;0.94644664980384;0.0;0.0003131656112204707;8.78134234998479;1.3165617620758356;4.889324081133706;1.1943764031777189;0.0;0.0006368100018131647
