Iterations;PrimalResidual_ETS;PrimalResidual_MSR;PrimalResidual_EOM;PrimalResidual_REC;PrimalResidual_H2;PrimalResidual_H2CN_prod;PrimalResidual_H2CN_cap;DualResidual_ETS;DualResidual_EOM;DualResidual_REC;DualResidual_H2;DualResidual_H2CN_prod;DualResidual_H2CN_cap
1.0;16.57819098581509;0.0;1.719039286793476;0.8203150020147645;1.0074517349873615;0.011884182627421712;0.0;8.775413319883818;1.3636965451515675;4.925403870164056;1.2123943431916628;0.017496816376591933;0.0
2.0;16.272260243303247;0.0;1.71860831866074;0.8145776339383447;1.001555166101287;0.011731206054819716;0.0;8.787437273857462;1.265532805414003;4.919186904577788;1.2086078365615782;0.01748190743794105;0.0
