Iterations;PrimalResidual_ETS;PrimalResidual_MSR;PrimalResidual_EOM;PrimalResidual_REC;PrimalResidual_H2;PrimalResidual_H2CN_prod;PrimalResidual_H2CN_cap;DualResidual_ETS;DualResidual_EOM;DualResidual_REC;DualResidual_H2;DualResidual_H2CN_prod;DualResidual_H2CN_cap
1.0;16.187138150150048;0.0;1.7693690459419804;0.9199294980455303;1.3620830182389874;0.024422855646412223;0.0;16.634102467208134;1.278300713633868;5.07525617275024;1.314896533128137;0.01774027737107156;0.0
2.0;16.17481168864196;0.0;1.767193784524918;0.9150680446081122;1.2038238350918595;0.025273667243914298;0.0;16.296736902352702;1.340918219232052;5.067919494155087;1.3182180283335945;0.019222260546632307;0.0
