Iterations;PrimalResidual_ETS;PrimalResidual_MSR;PrimalResidual_EOM;PrimalResidual_REC;PrimalResidual_H2;PrimalResidual_H2CN_prod;PrimalResidual_H2CN_cap;DualResidual_ETS;DualResidual_EOM;DualResidual_REC;DualResidual_H2;DualResidual_H2CN_prod;DualResidual_H2CN_cap
1.0;16.5765090318808;0.0;1.7188302748073834;0.8318157545154874;1.0093587542682416;0.011955700263624835;0.0;8.772411109821716;1.3646539708383336;4.9286340522376495;1.2097311651177083;0.017503664626769836;0.0
2.0;16.270781735218275;0.0;1.7183813447576737;0.8260435196168513;1.0094154967146434;0.011810348448548072;0.0;8.783210960781636;1.2734907717970039;4.922413501716373;1.2079754440482915;0.017489280610007596;0.0
