Iterations;PrimalResidual_ETS;PrimalResidual_MSR;PrimalResidual_EOM;PrimalResidual_REC;PrimalResidual_H2;PrimalResidual_H2CN_prod;PrimalResidual_H2CN_cap;DualResidual_ETS;DualResidual_EOM;DualResidual_REC;DualResidual_H2;DualResidual_H2CN_prod;DualResidual_H2CN_cap
1.0;5.822953062976378;0.0;0.34927033588606243;0.20913518241479337;0.31584089212239835;0.0;5.340000000103221;4.7059754594197125;0.2363592484896085;2.5382001400148546;0.3247228991846016;0.0;6.702616349669793e-6
2.0;5.817153977076148;0.0;0.3489055100759575;0.2069353680925141;0.32148941199387104;0.0;5.340000000103174;4.734225383899619;0.2141339617235574;2.537738459504847;0.3177516632475728;0.0;6.695613887809677e-6
