Iterations;PrimalResidual_ETS;PrimalResidual_MSR;PrimalResidual_EOM;PrimalResidual_REC;PrimalResidual_H2;PrimalResidual_H2CN_prod;PrimalResidual_H2CN_cap;DualResidual_ETS;DualResidual_EOM;DualResidual_REC;DualResidual_H2;DualResidual_H2CN_prod;DualResidual_H2CN_cap
1.0;16.188312641386105;0.0;1.7692546194407308;0.9351041474136026;1.3651074048364686;0.025963973535234147;0.0;16.622590006397093;1.2711680118470228;5.079971363403653;1.3168037678022722;0.017959365766193988;0.0
2.0;16.176420508550553;0.0;1.7667557702503849;0.9303451504205711;1.2022765817190246;0.027711504299887814;0.0;16.298576041973483;1.3456982968638547;5.072023815020129;1.3200414017317184;0.019439860497449942;0.0
