Iterations;PrimalResidual_ETS;PrimalResidual_MSR;PrimalResidual_EOM;PrimalResidual_REC;PrimalResidual_H2;PrimalResidual_H2CN_prod;PrimalResidual_H2CN_cap;DualResidual_ETS;DualResidual_EOM;DualResidual_REC;DualResidual_H2;DualResidual_H2CN_prod;DualResidual_H2CN_cap
1.0;16.539657637269286;0.0;1.7188775333009143;0.8356249607417203;0.9124707685602917;0.0;0.0005133782893688669;8.788758026619318;1.2023234474678408;4.895344927181359;1.195227115419705;0.0;0.0002045755794766041
2.0;16.22877335624918;0.0;1.7158094277081213;0.8318764992991107;0.9463820324194664;0.0;0.0004839832000540018;8.781310393342475;1.3165203020733076;4.889308146586479;1.1943784855079895;0.0;0.0009841608641966146
