Iterations;PrimalResidual_ETS;PrimalResidual_MSR;PrimalResidual_EOM;PrimalResidual_REC;PrimalResidual_H2;PrimalResidual_H2CN_prod;PrimalResidual_H2CN_cap;DualResidual_ETS;DualResidual_EOM;DualResidual_REC;DualResidual_H2;DualResidual_H2CN_prod;DualResidual_H2CN_cap
1.0;16.60502826650447;0.0;1.8192957391720477;0.9833371674742897;1.2293053423119151;0.011116739576672195;0.0;15.344562616931015;1.5724106398252657;4.897945275968984;2.298729440301215;0.019058366126195558;0.0
2.0;16.188905333277958;0.0;1.8165879538411323;0.9768443084687259;1.2770046087470939;0.010471178354072233;0.0;15.972529716261988;1.4763756501320844;4.889228699133782;2.3062444096048287;0.01904117137718938;0.0
