Iterations;PrimalResidual_ETS;PrimalResidual_MSR;PrimalResidual_EOM;PrimalResidual_REC;PrimalResidual_H2;PrimalResidual_H2CN_prod;PrimalResidual_H2CN_cap;DualResidual_ETS;DualResidual_EOM;DualResidual_REC;DualResidual_H2;DualResidual_H2CN_prod;DualResidual_H2CN_cap
1.0;16.539662283722947;0.0;1.7188789083763947;0.8356334696477773;0.9124942675285669;0.0;0.0003925834085622003;8.788759729097592;1.2022870840681836;4.895333968322716;1.1952424854151356;0.0;0.00015643985795369967
2.0;16.228771003660103;0.0;1.7158100962153846;0.8318385480462476;0.9463925127900864;0.0;0.00037010480334211224;8.781313024594084;1.3165553902629155;4.889300677864041;1.1943954228226352;0.0;0.0007525938529315102
