Iterations;PrimalResidual_ETS;PrimalResidual_MSR;PrimalResidual_EOM;PrimalResidual_REC;PrimalResidual_H2;PrimalResidual_H2CN_prod;PrimalResidual_H2CN_cap;DualResidual_ETS;DualResidual_EOM;DualResidual_REC;DualResidual_H2;DualResidual_H2CN_prod;DualResidual_H2CN_cap
1.0;23.00802352243963;0.686711988664113;1.383739707841493;0.4914096517966251;1.418538673845634;0.0;0.0;10.358902628113533;0.9089639840919315;0.26628304173179007;2.5090008330384825;0.0;0.0
2.0;21.46675763713445;0.8167481802765347;1.3796469489469816;0.4894491241815421;1.3607644221971102;0.0;0.0;15.740738174157395;0.8612262910321765;0.29720685204580183;2.5349420926549886;0.0;0.0
