periods,weights,selected_periods
3,61.96969142694938,true
82,23.2110114405785,true
134,59.2204535165596,true
192,50.09051417341311,true
229,36.61909376438841,true
291,41.27351818370642,true
301,51.258594133335976,true
356,41.357123361068595,true
