periods,weights,selected_periods
5,47.75988424503416,true
20,38.89508840585001,true
81,19.261540597135646,true
93,49.923511798310045,true
118,35.91635476024,true
207,96.80446146543593,true
304,43.14648985742439,true
306,33.29266887056984,true
