periods,weights,selected_periods
13,49.470656110233534,true
50,31.736598356641267,true
176,73.22957751811133,true
178,63.191764684741,true
271,29.72844176067653,true
298,63.49883938279742,true
334,18.129833691679764,true
359,36.01428849511914,true
