periods,January,February,March,April,May,June,July,August,September,October,November,December
13.0,17.41496245158476,9.77953171653801,4.515041890296283,0.5424071062622658,0.0,0.20523151091844383,0.19347346626981077,0.021375318117643552,0.061152860774285125,0.25096293608718406,5.360261177258824,11.126255676126036
50.0,2.628957411396564,10.791896762913495,4.4045858870528125,2.7603307057057296,3.595005692413029,2.059765907896368,1.6240542536429037,0.8736550317191546,0.03788420979145968,0.3013097297420181,0.15825445898342297,2.500898305384309
176.0,3.5695451910821943,2.45769161486824,9.222197204747225,7.988965136257265,10.353588629002093,13.893661653383035,10.546524801963761,5.189071485916471,5.968748183213011,1.6734491439595347,1.331975471658791,1.0341590020596918
178.0,0.05004154125978204,1.2033514116286148,1.4892972739982424,6.047883312959003,12.68181311177947,11.109080470826402,10.682947059124391,11.21715595711404,6.78280707788926,1.7255523236984265,0.17326326288784746,0.028571881575525124
271.0,0.0,0.2788978387485398,2.6335143358043456,4.875133025721813,0.29439555604558987,0.28721933943126543,2.8669754697029237,2.7264949551669355,8.346276824217629,4.764838734517193,2.5555458184734015,0.0991498628474301
298.0,0.2984961767252075,0.6915640186417781,6.218584671233289,4.8169744889466095,2.149088913443153,1.6926439084335434,3.841223847079414,9.606444094728872,6.629733677202467,19.052544354784615,6.916025602193411,1.5855156293850428
334.0,1.5322181943060034,0.6264026444429825,1.8892887054508876,1.2298976562704063,0.4819873726804865,0.10876351441282864,0.5873802450372558,0.40968132718591616,0.17326657522474836,1.2785105560333025,5.1348507026589,4.677586197976037
359.0,5.5057790336459735,2.1706639922183415,0.6274900314169156,1.7384085678769088,1.4441207246361814,0.6436336946981147,0.6574208571795381,0.9561218300509673,2.000130591687142,1.9528322211777223,8.369823505885403,9.947863444645927
