periods,January,February,March,April,May,June,July,August,September,October,November,December
5.0,12.881196115417323,11.382816053003395,3.5543306875869973,0.831402082166855,0.48837879751248714,1.250124855566076,1.5720817468170405,0.612019238245347,0.5735260859871065,2.656401847694471,5.272696726962963,6.6849100080741195
20.0,6.3910395087110725,6.616807501051817,4.039484428372221,1.7951749793743064,1.3717536476986822,0.05154295262517728,0.6030046155177652,0.5141930790848784,0.7499927526023058,3.0322555694693127,4.932355442917086,8.797483928425368
81.0,2.63090910000531,3.0482965596767118,7.776073340562572,3.115252596427151,1.3319593772350906,0.15030659120945478,0.20123423205893579,0.027039256680651505,0.22058547187137134,0.06191821469908376,0.440571860355267,0.25739399635403837
93.0,0.006458320001520508,2.0035053633801896,4.603521417554618,7.068494726400012,9.975392965612146,3.808390493347796,4.518257620703116,9.319633143773723,2.8650150728959414,4.6556181046481475,0.27081631946275864,0.8284082505300564
118.0,0.29412854989905524,1.6498842164316891,2.574328153473994,5.731853530512041,4.053513247965718,6.306048434492407,4.253429133397719,3.278520069181847,3.0332910204088774,2.768495952675174,0.960138096021643,1.0127243557800207
207.0,1.8489845573602592,1.0613276137135494,4.924058617446783,7.863902635919379,13.045120248391575,17.950012966802756,17.792122613046466,11.790472746040768,15.62959492861389,3.3680688857532246,0.753842798681247,0.7769528536660265
304.0,0.6544861287387345,0.8291298730933948,3.1835821866010185,2.9060798125117815,0.5398103977201002,0.4835737059563297,2.0598700384589588,5.215813534636478,5.410761332920079,11.886682125957012,6.520393959348251,3.4563067614822596
306.0,6.292797719866919,1.4082328196492544,0.3446211684017972,0.6878396366884728,0.1940713178642035,0.0,0.0,0.24230893235630618,1.5172333347004323,2.5705592991035715,10.849184796250785,9.185819845688108
