Iterations;PrimalResidual_ETS;PrimalResidual_MSR;PrimalResidual_EOM;PrimalResidual_REC;PrimalResidual_H2;PrimalResidual_H2CN_prod;PrimalResidual_H2CN_cap;DualResidual_ETS;DualResidual_EOM;DualResidual_REC;DualResidual_H2;DualResidual_H2CN_prod;DualResidual_H2CN_cap
1.0;16.426659030586965;0.0;1.8077437811589883;1.100396145704786;1.5286216904444136;0.05262446915173391;0.0;16.93092568852982;1.7123218939153688;4.8740515351591345;2.347031082586467;0.0393857360011268;0.0
2.0;16.071750750139586;0.0;1.8050530212705715;1.0934682684663102;1.4764754922306094;0.046001835359144455;0.0;15.868496233879869;1.619506560360395;4.866281056140613;2.3617694779947294;0.050750223911424114;0.0
