Iterations;PrimalResidual_ETS;PrimalResidual_MSR;PrimalResidual_EOM;PrimalResidual_REC;PrimalResidual_H2;PrimalResidual_H2CN_prod;PrimalResidual_H2CN_cap;DualResidual_ETS;DualResidual_EOM;DualResidual_REC;DualResidual_H2;DualResidual_H2CN_prod;DualResidual_H2CN_cap
1.0;16.772259028305605;0.8180607869046802;1.9624720564523073;2.8868118626556827;8.196983713211997;0.0;0.0018920193501780053;15.939703535010343;1.365466732939053;7.4407364618154705;6.22865614490153;0.0;0.0020116749088123615
2.0;16.238510278235754;0.9493222107271216;1.9564742451849408;2.864220442387724;7.862164503647951;0.0;0.0019141571088956593;16.156630131806192;1.528785126854784;7.4323190229217095;5.888635891172034;0.0;0.0009765060870716104
