Iterations;PrimalResidual_ETS;PrimalResidual_MSR;PrimalResidual_EOM;PrimalResidual_REC;PrimalResidual_H2;PrimalResidual_H2CN_prod;PrimalResidual_H2CN_cap;DualResidual_ETS;DualResidual_EOM;DualResidual_REC;DualResidual_H2;DualResidual_H2CN_prod;DualResidual_H2CN_cap
1.0;16.61252178510506;1.0399614327059616;1.8794798625142293;4.484225130389101;5.286456836388475;0.004642972162185224;0.001902871354857919;10.872880729818943;1.2449214995108617;5.5732528678746505;4.12497887858955;0.013291345575621128;0.0004538241452313835
2.0;16.3685898181883;1.0669419436867775;1.8777046533448767;4.453394135045773;5.432816320127915;0.0048350369082163;0.0018204395382244007;11.065726912496913;1.0893272662535662;5.568902984369537;4.104565045081485;0.00835737938680867;0.003998717503059016
