periods,weights,selected_periods
56,191.30394321667404,true
282,173.69605678332596,true
