periods,weights,selected_periods
52,172.28388071450829,true
220,192.71611928549171,true
