periods,January,February,March,April,May,June,July,August,September,October,November,December
52.0,27.390002172987526,23.903839555540454,17.921671573955933,7.837626618637022,5.900956539589336,7.531635625891047,2.926215390891313,2.250159932623368,6.558322179627822,18.04906286695244,24.059577385296482,27.95481087251537
220.0,3.609997827012475,4.096160444459548,13.078328426044068,22.162373381362983,25.09904346041066,22.46836437410895,28.073784609108685,28.749840067376635,23.441677820372124,12.950937133047558,5.940422614703519,3.0451891274846323
