Iterations;PrimalResidual_ETS;PrimalResidual_MSR;PrimalResidual_EOM;PrimalResidual_REC;PrimalResidual_H2;PrimalResidual_H2CN_prod;PrimalResidual_H2CN_cap;DualResidual_ETS;DualResidual_EOM;DualResidual_REC;DualResidual_H2;DualResidual_H2CN_prod;DualResidual_H2CN_cap
1.0;12.41418246951766;0.0;0.57363625860812;2.7693782814176067;2.9089934980968324;0.8974285938174553;3.8006482620464603;9.47765109034236;0.4406961733573581;10.790112599395531;0.9933542345289758;0.270420004424801;1.9510825449279254
2.0;12.44966574852012;0.0;0.5731749310132895;2.9387161440734704;2.066980788489833;0.9949655369951389;3.8098344524954713;8.533495446905883;0.4052595271498173;10.75651454065967;1.00915058208889;0.2838016977959883;1.9396658248617278
