Iterations;PrimalResidual_ETS;PrimalResidual_MSR;PrimalResidual_EOM;PrimalResidual_REC;PrimalResidual_H2;PrimalResidual_H2CN_prod;PrimalResidual_H2CN_cap;DualResidual_ETS;DualResidual_EOM;DualResidual_REC;DualResidual_H2;DualResidual_H2CN_prod;DualResidual_H2CN_cap
1.0;10.685056691690589;0.0;0.07297751072070248;0.006398837505504635;47.03811048996955;0.009477670345679314;0.1971951626547911;10.889550758467665;0.12562321574904525;0.0030322247609293144;30.356419698599577;0.007659869102219951;0.2517416060836466
2.0;10.018667544277038;0.0;0.0729979530752692;0.0020299808964823318;46.96944608681742;0.009878519397341618;0.19723934943726498;10.885350161335852;0.1256261545139547;0.0029344860330543523;30.353987592159154;0.007819648922872196;0.25151719079349755
