Iterations;PrimalResidual_ETS;PrimalResidual_MSR;PrimalResidual_EOM;PrimalResidual_REC;PrimalResidual_H2;PrimalResidual_H2CN_prod;PrimalResidual_H2CN_cap;DualResidual_ETS;DualResidual_EOM;DualResidual_REC;DualResidual_H2;DualResidual_H2CN_prod;DualResidual_H2CN_cap
1.0;10.988533862903362;0.0;0.06833520859436475;0.0020677769568231926;45.371284740221064;0.015410586730434795;0.06944197397029704;10.859388449124253;0.13508690425423373;0.0022994606286422816;29.58827347052651;0.013390950778114084;0.13273208906715667
2.0;10.32496630130265;0.0;0.06795184989863173;0.004017911175294222;44.4935434786377;0.015325243531582931;0.06952858742304731;10.760111417963005;0.13396015668984862;0.001989153351655746;29.227978895591825;0.013397691328153284;0.1322881647277283
