Iterations;PrimalResidual_ETS;PrimalResidual_MSR;PrimalResidual_EOM;PrimalResidual_REC;PrimalResidual_H2;PrimalResidual_H2CN_prod;PrimalResidual_H2CN_cap;DualResidual_ETS;DualResidual_EOM;DualResidual_REC;DualResidual_H2;DualResidual_H2CN_prod;DualResidual_H2CN_cap
1.0;10.332038490749346;0.0;0.06771796866583474;0.007951031852175963;45.46589390519661;0.01591104130527862;0.06465744704586122;10.84914947099584;0.12310084029235002;0.0028919484901663178;29.65311964257834;0.013288506106129229;0.12571339324537856
2.0;10.986037055219546;0.0;0.06726659017183219;0.007425521852957646;44.75937293429003;0.015943699819293937;0.06437989778556934;10.65510686533344;0.12214595897320343;0.0030140664345387693;29.343006329877415;0.013268638678019605;0.12672842331747045
