Iterations;PrimalResidual_ETS;PrimalResidual_MSR;PrimalResidual_EOM;PrimalResidual_REC;PrimalResidual_H2;PrimalResidual_H2CN_prod;PrimalResidual_H2CN_cap;DualResidual_ETS;DualResidual_EOM;DualResidual_REC;DualResidual_H2;DualResidual_H2CN_prod;DualResidual_H2CN_cap
1.0;8.391689474041518;0.0;0.5693731389789015;1.2343829625680667;0.7471164137892685;0.0;0.0;8.405007377366076;0.5790524088139254;8.994570557355779;1.1155124444527098;0.0;0.0
2.0;7.962628092883891;0.0;0.5689673827707268;1.2200614411095478;1.103182995166257;0.0;0.0;8.956090810809298;0.527468380592004;8.970981751261291;1.1361888986067847;0.0;0.0
