Iterations;PrimalResidual_ETS;PrimalResidual_MSR;PrimalResidual_EOM;PrimalResidual_REC;PrimalResidual_H2;PrimalResidual_H2CN_prod;PrimalResidual_H2CN_cap;DualResidual_ETS;DualResidual_EOM;DualResidual_REC;DualResidual_H2;DualResidual_H2CN_prod;DualResidual_H2CN_cap
1.0;9.386367865330133;0.0;0.5752790317352646;2.1981910996599803;0.8417653453059837;0.6668611142182699;1.2424514507293192;9.719657166238488;0.260243589390281;10.969619699388792;0.9915735676195555;0.2333590508570406;1.3325456277102656
2.0;9.429348997440716;0.0;0.5721222733540173;2.419861543467541;0.9785377404827513;0.9169170301097765;1.245607713405842;9.73032075607224;0.41297381610171285;10.923408077346192;0.9959596129477963;0.24800270108235944;1.3464449796620088
