Iterations;PrimalResidual_ETS;PrimalResidual_MSR;PrimalResidual_EOM;PrimalResidual_REC;PrimalResidual_H2;PrimalResidual_H2CN_prod;PrimalResidual_H2CN_cap;DualResidual_ETS;DualResidual_EOM;DualResidual_REC;DualResidual_H2;DualResidual_H2CN_prod;DualResidual_H2CN_cap
1.0;9.120745047438456;0.0;0.5734358869685428;3.3912747897646915;2.5099755259292396;0.9208040096223226;1.892851607677381;9.923853414568638;0.3426612065101194;10.756885315054848;0.8592762433854529;0.44103699675089164;0.9756339685840244
2.0;9.150023303525277;0.0;0.5722206236732656;3.4543075894363633;1.4499838551851971;0.7532571960534713;1.9024790627305384;9.989465704742493;0.32066899305254315;10.733590493136164;0.8930105775343065;0.46045159592449675;0.9770466495446594
