Iterations;PrimalResidual_ETS;PrimalResidual_MSR;PrimalResidual_EOM;PrimalResidual_REC;PrimalResidual_H2;PrimalResidual_H2CN_prod;PrimalResidual_H2CN_cap;DualResidual_ETS;DualResidual_EOM;DualResidual_REC;DualResidual_H2;DualResidual_H2CN_prod;DualResidual_H2CN_cap
1.0;9.825953022725853;0.0;0.5740211066146079;1.5983614023861406;0.7893944888831699;0.1847331391668973;0.6789151271512839;13.39802688033097;0.2920197384508814;11.732432752928567;1.0747903826361545;0.3126209018455812;1.3311008915628695
2.0;9.83031217126351;0.0;0.5706739816038886;1.6911829841011559;0.9668582418908799;0.18811562096678444;0.6831016664455873;10.785039971423329;0.3928142464525506;11.221094866954946;1.0806183814356523;0.31142127238864786;1.356574315788305
