Iterations;PrimalResidual_ETS;PrimalResidual_MSR;PrimalResidual_EOM;PrimalResidual_REC;PrimalResidual_H2;PrimalResidual_H2CN_prod;PrimalResidual_H2CN_cap;DualResidual_ETS;DualResidual_EOM;DualResidual_REC;DualResidual_H2;DualResidual_H2CN_prod;DualResidual_H2CN_cap
1.0;10.365465032283554;0.0;0.07333362610399036;0.0047491192375939;46.873806322405166;0.030848160257123215;0.3239905058022896;11.102140512764533;0.13748278008695877;0.0027629233291034017;30.212884739772576;0.01854863376742827;0.6410295530137952
2.0;9.683644172426115;0.0;0.07369500776191017;0.0036663818654854006;46.853626356245044;0.029312543826326247;0.32379165437922;11.104208000694149;0.1373991298076367;0.002541788925489382;30.233624247899243;0.018575779970774135;0.640778056817726
