Iterations;PrimalResidual_ETS;PrimalResidual_MSR;PrimalResidual_EOM;PrimalResidual_REC;PrimalResidual_H2;PrimalResidual_H2CN_prod;PrimalResidual_H2CN_cap;DualResidual_ETS;DualResidual_EOM;DualResidual_REC;DualResidual_H2;DualResidual_H2CN_prod;DualResidual_H2CN_cap
1.0;1.705365454444135;0.0;0.26143890743857706;0.007917876625017403;215.67004019794445;0.0;0.0;0.9209837675091007;0.49797602643668654;0.0038295706531339406;171.38607371682244;0.0;0.0
2.0;0.5378908333611762;0.0;0.2638962813567261;0.007921900518092884;209.6035895000071;0.0;0.0;0.9273945871636378;0.49119327717365757;0.003988221574615521;171.37758838011968;0.0;0.0
