Iterations;PrimalResidual_ETS;PrimalResidual_MSR;PrimalResidual_EOM;PrimalResidual_REC;PrimalResidual_H2;PrimalResidual_H2CN_prod;PrimalResidual_H2CN_cap;DualResidual_ETS;DualResidual_EOM;DualResidual_REC;DualResidual_H2;DualResidual_H2CN_prod;DualResidual_H2CN_cap
1.0;14.757040011264515;0.0;0.21710469408505795;0.012668606342195306;148.1036487731775;0.0;6.407001611911594;10.451071872929171;0.22801535124679453;0.006144619692232978;165.39493171087054;0.0;1.0581490844672003e-5
2.0;16.4985082575507;0.0;0.21605201390677164;0.009094142741411747;156.15236033316148;0.0;6.407001611910901;10.484861754869618;0.22332950215416716;0.005488010756561005;165.40006848012803;0.0;1.0568140655285987e-5
