Iterations;PrimalResidual_ETS;PrimalResidual_MSR;PrimalResidual_EOM;PrimalResidual_REC;PrimalResidual_H2;PrimalResidual_H2CN_prod;PrimalResidual_H2CN_cap;DualResidual_ETS;DualResidual_EOM;DualResidual_REC;DualResidual_H2;DualResidual_H2CN_prod;DualResidual_H2CN_cap
1.0;71.77410701548143;1.398181763397101;0.3374431700927495;12.415354947297656;12.090248874073275;0.03904949755428089;0.0036379087177168127;69.84631034670728;0.2539913332965394;9.920149354646185;11.689039297940417;0.06210356187613461;0.0018111566485984295
2.0;71.47555109194067;1.3222258680530719;0.33726965014609583;12.573999969612704;12.13995096214124;0.0386009065703302;0.00348573215775789;70.52622615297986;0.219778776503885;9.876936231631042;11.357823462467104;0.06310138958609988;0.005567205594873927
