Iterations;PrimalResidual_ETS;PrimalResidual_MSR;PrimalResidual_EOM;PrimalResidual_REC;PrimalResidual_H2;PrimalResidual_H2CN_prod;PrimalResidual_H2CN_cap;DualResidual_ETS;DualResidual_EOM;DualResidual_REC;DualResidual_H2;DualResidual_H2CN_prod;DualResidual_H2CN_cap
1.0;29.864067344927633;1.877022440484801;0.2184858699068522;2.8595675884475678;3.707075830202966;0.0;0.0;39.66154503628662;0.20674061290111514;9.253996264856301;2.9393350697832212;0.0;0.0
2.0;27.87852268822131;1.452893724919961;0.2180057799434046;2.8193326595286945;4.605040097877727;0.0;0.0;35.4706568793756;0.19121070023757442;9.277831007494544;2.577319866495388;0.0;0.0
