Iterations;PrimalResidual_ETS;PrimalResidual_MSR;PrimalResidual_EOM;PrimalResidual_REC;PrimalResidual_H2;PrimalResidual_H2CN_prod;PrimalResidual_H2CN_cap;DualResidual_ETS;DualResidual_EOM;DualResidual_REC;DualResidual_H2;DualResidual_H2CN_prod;DualResidual_H2CN_cap
1.0;16.54328795547857;0.0;0.18216925004196927;1.0205661153820142;84.06991413489935;32.97514150041196;0.0;11.27619543578054;0.22963342503543455;0.2756463803660314;116.83168234485076;8.676624725234909;0.0
2.0;18.73596639192229;0.0;0.18046892174671633;0.7389690050196284;85.81181808102245;32.975141500358454;0.0;11.221028578484905;0.18326854334973108;0.2594312931026597;116.77467723386131;8.6723103030829;0.0
