Iterations;PrimalResidual_ETS;PrimalResidual_MSR;PrimalResidual_EOM;PrimalResidual_REC;PrimalResidual_H2;PrimalResidual_H2CN_prod;PrimalResidual_H2CN_cap;DualResidual_ETS;DualResidual_EOM;DualResidual_REC;DualResidual_H2;DualResidual_H2CN_prod;DualResidual_H2CN_cap
1.0;6.426787029981641;0.0;0.21792467726684941;0.008160396414950873;117.67538292114097;86.75967082211274;0.0;3.78526435537831;0.38659758106220077;0.003757402120776261;130.0244261650055;4.25008228234641;0.0
2.0;6.321388363952211;0.0;0.21785428035689897;0.007130816383331067;130.42005031727626;86.7596708222169;0.0;3.3845666627085467;0.38761162717590875;0.004330526732173848;130.03061502424305;4.249389128778883;0.0
