Iterations;PrimalResidual_ETS;PrimalResidual_MSR;PrimalResidual_EOM;PrimalResidual_REC;PrimalResidual_H2;PrimalResidual_H2CN_prod;PrimalResidual_H2CN_cap;DualResidual_ETS;DualResidual_EOM;DualResidual_REC;DualResidual_H2;DualResidual_H2CN_prod;DualResidual_H2CN_cap
1.0;14.757565829123953;0.0;0.21710683812429504;0.010375060300016718;148.10287216326242;0.0;3.3803114637396874;10.450995469682743;0.22800980195232012;0.0054850413579463665;165.3953273435447;0.0;9.15792823122327e-6
2.0;16.498265487728855;0.0;0.2160508083502571;0.011672491747652034;156.15180154655826;0.0;3.380311463738614;10.483926104583603;0.22333064657414434;0.005066477992293073;165.39644237311882;0.0;9.114740173455966e-6
