Iterations;PrimalResidual_ETS;PrimalResidual_MSR;PrimalResidual_EOM;PrimalResidual_REC;PrimalResidual_H2;PrimalResidual_H2CN_prod;PrimalResidual_H2CN_cap;DualResidual_ETS;DualResidual_EOM;DualResidual_REC;DualResidual_H2;DualResidual_H2CN_prod;DualResidual_H2CN_cap
1.0;72.50101302164151;7.626709057192155;0.16331978758551;5.709220548638936;2.7233103142421373;0.02297330818126575;0.0009919143528920474;71.52539870299398;0.11355252107918297;6.00206812548392;3.4009359028104296;0.2289475093306186;0.0010094309307208855
2.0;72.28853472220949;5.439769464925798;0.1651589236652916;5.831422066372807;2.617783848888188;0.03510572533385973;0.0010015795097177288;75.51310821699938;0.11330362188730984;5.985192327353439;3.384318030069981;0.2163484936746273;0.0004333052274965728
