Iterations;PrimalResidual_ETS;PrimalResidual_MSR;PrimalResidual_EOM;PrimalResidual_REC;PrimalResidual_H2;PrimalResidual_H2CN_prod;PrimalResidual_H2CN_cap;DualResidual_ETS;DualResidual_EOM;DualResidual_REC;DualResidual_H2;DualResidual_H2CN_prod;DualResidual_H2CN_cap
1.0;0.6528466949402587;0.0;0.38135448240520686;0.01897443895524736;299.661763062564;0.0;0.0;1.4787736436179006;0.7264407837583099;0.019704043504004946;240.94681619221927;0.0;0.0
2.0;1.7902106558445776;0.0;0.37709472482350553;0.027781733708324614;315.7718701597581;0.0;0.0;0.8518855584100188;0.7287747601750189;0.02861380853174848;236.32273296267064;0.0;0.0
