Iterations;PrimalResidual_ETS;PrimalResidual_MSR;PrimalResidual_EOM;PrimalResidual_REC;PrimalResidual_H2;PrimalResidual_H2CN_prod;PrimalResidual_H2CN_cap;DualResidual_ETS;DualResidual_EOM;DualResidual_REC;DualResidual_H2;DualResidual_H2CN_prod;DualResidual_H2CN_cap
1.0;70.69832825620757;1.3523283759191909;0.2706083302839358;9.8079697959414;8.16770354818767;0.02195931357171996;0.0;55.75460533309406;0.2664842242223733;8.510287207035281;9.493397890072812;0.03207569188869632;0.0
2.0;70.30117305967192;1.2480224714868067;0.2697783405614999;9.693080881804338;7.861016141102879;0.02110737316646428;0.0;55.521545323512306;0.21417889436175336;8.508030238283174;9.48167554878122;0.020273951937142466;0.0
