Iterations;PrimalResidual_ETS;PrimalResidual_MSR;PrimalResidual_EOM;PrimalResidual_REC;PrimalResidual_H2;PrimalResidual_H2CN_prod;PrimalResidual_H2CN_cap;DualResidual_ETS;DualResidual_EOM;DualResidual_REC;DualResidual_H2;DualResidual_H2CN_prod;DualResidual_H2CN_cap
1.0;5.343370207704374;0.0;0.2181302058695755;18.369273270069737;116.5267854979143;24.402388877464094;0.0;3.758997075115127;0.19784514791967503;34.00299628185808;153.65956991697482;37.36488113366916;0.0
2.0;5.538791364081594;0.0;0.21933705303776282;18.436744068732008;130.91502433830044;24.503478861668967;0.0;3.4709700479879406;0.20055691649166182;34.16090381174524;153.5264159339442;37.49871610953815;0.0
