Iterations;PrimalResidual_ETS;PrimalResidual_MSR;PrimalResidual_EOM;PrimalResidual_REC;PrimalResidual_H2;PrimalResidual_H2CN_prod;PrimalResidual_H2CN_cap;DualResidual_ETS;DualResidual_EOM;DualResidual_REC;DualResidual_H2;DualResidual_H2CN_prod;DualResidual_H2CN_cap
1.0;7.927498210322195;0.0;0.026406817877472424;0.45009220386337523;0.4703589963514443;0.0;0.0;12.907826213655662;0.01938254706570937;3.803975541193453;0.28952060253931633;0.0;0.0
2.0;7.707240171474209;0.0;0.026261665175910182;0.4486504563359936;0.35829918096728247;0.0;0.0;6.582952380037804;0.019014580539737157;3.8038273153402353;0.31538942665160763;0.0;0.0
