Iterations;PrimalResidual_ETS;PrimalResidual_MSR;PrimalResidual_EOM;PrimalResidual_REC;PrimalResidual_H2;PrimalResidual_H2CN_prod;PrimalResidual_H2CN_cap;DualResidual_ETS;DualResidual_EOM;DualResidual_REC;DualResidual_H2;DualResidual_H2CN_prod;DualResidual_H2CN_cap
1.0;76.5221885558343;3.4912321220428635;0.1405547602913775;4.554525296319555;4.030438278986834;0.0033482703631463285;0.0;72.91835655401903;0.11467051278837898;5.241607636044835;2.5586179600646246;0.0049458349166467755;0.0
2.0;75.20046633784926;3.5059652712016356;0.14016317121874833;4.51914141976717;3.9319061440943983;0.0031904315448327536;0.0;69.55745050755758;0.12099081515011019;5.2406381165412155;2.6845399607344933;0.004462830849815344;0.0
