Iterations;PrimalResidual_ETS;PrimalResidual_MSR;PrimalResidual_EOM;PrimalResidual_REC;PrimalResidual_H2;PrimalResidual_H2CN_prod;PrimalResidual_H2CN_cap;DualResidual_ETS;DualResidual_EOM;DualResidual_REC;DualResidual_H2;DualResidual_H2CN_prod;DualResidual_H2CN_cap
1.0;5.286240531142923;0.0;0.3815410982936736;0.031011230534721358;295.592451861738;0.0;0.0;10.12184746535608;0.7264810384049699;0.01256418630743894;250.1357463313989;0.0;0.0
2.0;4.557089545926007;0.0;0.3786865649715835;0.04032057999668113;329.0940849230126;0.0;0.0;7.877325872550268;0.7261077355413349;0.020025733417149368;245.957118995123;0.0;0.0
