Iterations;PrimalResidual_ETS;PrimalResidual_MSR;PrimalResidual_EOM;PrimalResidual_REC;PrimalResidual_H2;PrimalResidual_H2CN_prod;PrimalResidual_H2CN_cap;DualResidual_ETS;DualResidual_EOM;DualResidual_REC;DualResidual_H2;DualResidual_H2CN_prod;DualResidual_H2CN_cap
1.0;34.786028015949434;2.183842197127984;0.2672077284343698;5.452025714867369;0.45267939556404757;0.0;0.0;38.51665372922742;0.4917995107783935;5.617184622283112;0.4462952891634286;0.0;0.0
2.0;32.34794288220438;1.7173597898537194;0.26841498795382984;5.391168184143639;0.4549041482894951;0.0;0.0;35.98654434114054;0.2063447915830606;5.617180915562542;0.44505187405524016;0.0;0.0
