Iterations;PrimalResidual_ETS;PrimalResidual_MSR;PrimalResidual_EOM;PrimalResidual_REC;PrimalResidual_H2;PrimalResidual_H2CN_prod;PrimalResidual_H2CN_cap;DualResidual_ETS;DualResidual_EOM;DualResidual_REC;DualResidual_H2;DualResidual_H2CN_prod;DualResidual_H2CN_cap
1.0;16.79359207393643;0.0;0.2265849579220622;17.815761709509434;122.77218759938644;27.332255475561823;0.0;12.276268004627578;0.2833124060921792;33.99894580482521;131.92897438749154;45.090044556253396;0.0
2.0;19.67354258343857;0.0;0.2262379222357944;18.889701167671692;128.47237728833466;28.818571116577175;0.0;10.949062339315846;0.3021974627556861;35.141866963775506;130.07086789247504;45.9336837277457;0.0
