Iterations;PrimalResidual_ETS;PrimalResidual_MSR;PrimalResidual_EOM;PrimalResidual_REC;PrimalResidual_H2;PrimalResidual_H2CN_prod;PrimalResidual_H2CN_cap;DualResidual_ETS;DualResidual_EOM;DualResidual_REC;DualResidual_H2;DualResidual_H2CN_prod;DualResidual_H2CN_cap
1.0;17.224283068425592;0.0;0.18556168564397185;0.9688442441827975;83.28091050548224;42.70621982073987;0.0;11.507968279254845;0.14792801905177333;0.2816795280637121;113.50230741770132;9.286149208453262;0.0
2.0;18.41827369184111;0.0;0.18362736452282644;0.7250893322708183;85.08776627900916;42.7062198261824;0.0;11.482092404311423;0.1980292995138665;0.26874498389760143;113.60525953884566;9.301309828663907;0.0
