Iterations;PrimalResidual_ETS;PrimalResidual_MSR;PrimalResidual_EOM;PrimalResidual_REC;PrimalResidual_H2;PrimalResidual_H2CN_prod;PrimalResidual_H2CN_cap;DualResidual_ETS;DualResidual_EOM;DualResidual_REC;DualResidual_H2;DualResidual_H2CN_prod;DualResidual_H2CN_cap
1.0;14.756922990092622;0.0;0.21710586681408842;0.01257262698027038;148.10334759626434;0.0;5.603861472642551;10.451072483976153;0.2280171261594415;0.005910508815330148;165.39510296263;0.0;8.943868822647741e-6
2.0;16.498341505592627;0.0;0.21605204024605432;0.00809287442174816;156.1519805583811;0.0;5.603861472642279;10.48458408021525;0.22333014614338423;0.005152965960154243;165.39888230859938;0.0;8.93384140651487e-6
