Iterations;PrimalResidual_ETS;PrimalResidual_MSR;PrimalResidual_EOM;PrimalResidual_REC;PrimalResidual_H2;PrimalResidual_H2CN_prod;PrimalResidual_H2CN_cap;DualResidual_ETS;DualResidual_EOM;DualResidual_REC;DualResidual_H2;DualResidual_H2CN_prod;DualResidual_H2CN_cap
1.0;25.25973510062566;0.4656572463147437;0.06400197879629851;2.29112342428249;0.5765329033522185;0.0;0.0;12.253534070315563;0.04964485516742461;6.86453001174129;1.2202326898845905;0.0;0.0
2.0;23.723671130136573;0.5510857238285497;0.06399233092635072;2.2649070586806825;0.5196025648049282;0.0;0.0;17.42264582579743;0.05041128538590743;6.863914926738686;1.2655679466523533;0.0;0.0
