Iterations;PrimalResidual_ETS;PrimalResidual_MSR;PrimalResidual_EOM;PrimalResidual_REC;PrimalResidual_H2;PrimalResidual_H2CN_prod;PrimalResidual_H2CN_cap;DualResidual_ETS;DualResidual_EOM;DualResidual_REC;DualResidual_H2;DualResidual_H2CN_prod;DualResidual_H2CN_cap
1.0;22.50353623498425;0.0;0.10131808913782267;6.973604264268948;11.45629130940834;0.025321142209780403;0.0006568936896608515;12.5082672838393;0.05834225260669106;6.348106315675661;6.194433547063802;0.02648101325039622;0.0002981909364553829
2.0;22.09229645297856;0.0;0.1012756997821324;6.962401080894048;11.537436940950196;0.025586112793513877;0.0006292080988217853;12.263636530122403;0.05448357563148427;6.347557452673707;6.179523959579408;0.011870249223033386;0.0013434605654980116
