Iterations;PrimalResidual_ETS;PrimalResidual_MSR;PrimalResidual_EOM;PrimalResidual_REC;PrimalResidual_H2;PrimalResidual_H2CN_prod;PrimalResidual_H2CN_cap;DualResidual_ETS;DualResidual_EOM;DualResidual_REC;DualResidual_H2;DualResidual_H2CN_prod;DualResidual_H2CN_cap
1.0;1256.9653695438594;0.0;9.183475338473302;657.2669888409073;351.9358036142824;0.0;0.0;452.82671612046374;8.084768467012085;50.39538362332721;924.4770794086617;0.0;0.0
2.0;1052.3680731157485;0.0;8.878852971278423;410.0948053789947;244.21116046938536;0.0;0.0;447.1680401207964;9.098058699931245;51.042737278979814;642.9510887560043;0.0;0.0
