Iterations;PrimalResidual_ETS;PrimalResidual_MSR;PrimalResidual_EOM;PrimalResidual_REC;PrimalResidual_H2;PrimalResidual_H2CN_prod;PrimalResidual_H2CN_cap;DualResidual_ETS;DualResidual_EOM;DualResidual_REC;DualResidual_H2;DualResidual_H2CN_prod;DualResidual_H2CN_cap
1.0;174.39587661913546;149.14343352208073;1.0574357996331287;32.634604010074874;33.74845323657228;1.4512120735485683;0.0;170.0157571433551;0.44183892158364985;23.964963390591194;29.162242639921214;1.0681063200027878;0.0
2.0;170.8435347224259;105.47640916165469;1.0193306044504187;32.72292976427825;42.507275136042914;1.4241229888699547;0.0;178.58467412715345;0.5302916745166647;23.85474041952078;26.505399530662693;0.9911326290311746;0.0
