Iterations;PrimalResidual_ETS;PrimalResidual_MSR;PrimalResidual_EOM;PrimalResidual_REC;PrimalResidual_H2;PrimalResidual_H2CN_prod;PrimalResidual_H2CN_cap;DualResidual_ETS;DualResidual_EOM;DualResidual_REC;DualResidual_H2;DualResidual_H2CN_prod;DualResidual_H2CN_cap
1.0;16.0495373151929;0.0;0.19916945315042525;0.014475817592376535;83.61979620879187;53.11913385948185;0.0;9.788677769532248;0.15217815618447977;0.00659747198775536;114.29098117682265;8.742869044024044;0.0
2.0;18.82803030423947;0.0;0.19587038515311753;0.012607592765683183;85.47244588211338;53.119133866024484;0.0;9.736966995519564;0.20639256476831203;0.00666438671195888;114.32636790131721;8.74718091630886;0.0
