Iterations;PrimalResidual_ETS;PrimalResidual_MSR;PrimalResidual_EOM;PrimalResidual_REC;PrimalResidual_H2;PrimalResidual_H2CN_prod;PrimalResidual_H2CN_cap;DualResidual_ETS;DualResidual_EOM;DualResidual_REC;DualResidual_H2;DualResidual_H2CN_prod;DualResidual_H2CN_cap
1.0;123.03958336196702;2.9517053176784827;0.8825182787057043;24.367516359224734;22.711932372003027;0.16854061904477233;0.0;146.8165187699044;0.4808291313848682;18.175092840303588;20.686760906689678;0.09191491227413391;0.0
2.0;114.42212629331571;2.9125890585928325;0.8696495895413359;24.58168682684354;21.602737947082986;0.16535166145069247;0.0;133.4919313624683;0.5416273504566035;18.023301747418422;20.652244431456424;0.12902406290693916;0.0
