Iterations;PrimalResidual_ETS;PrimalResidual_MSR;PrimalResidual_EOM;PrimalResidual_REC;PrimalResidual_H2;PrimalResidual_H2CN_prod;PrimalResidual_H2CN_cap;DualResidual_ETS;DualResidual_EOM;DualResidual_REC;DualResidual_H2;DualResidual_H2CN_prod;DualResidual_H2CN_cap
1.0;14.757192520653772;0.0;0.21710843476387093;0.011672349744561552;148.10228204635422;0.0;2.060629294947113;10.45109130862732;0.2280058745328505;0.005994645615420592;165.39570952277495;0.0;5.121093042660171e-6
2.0;16.497975778219164;0.0;0.216051810772863;0.009305796968219461;156.1507071002415;0.0;2.060629294946857;10.483559977120219;0.22331897997160413;0.004364914501530628;165.39456503979284;0.0;5.114927420436619e-6
