Iterations;PrimalResidual_ETS;PrimalResidual_MSR;PrimalResidual_EOM;PrimalResidual_REC;DualResidual_ETS;DualResidual_EOM;DualResidual_REC
1.0;27.174116321486263;1.7415833827634084;0.12663086686957933;4.28655711472849;14.26067950415931;0.07703786253439673;5.687763211358155
2.0;27.186214817307523;1.5984215829536532;0.12612917571779583;4.276193352754845;13.650543185157227;0.08310371740308435;5.6879145096226615
