Iterations;PrimalResidual_ETS;PrimalResidual_MSR;PrimalResidual_EOM;PrimalResidual_REC;PrimalResidual_H2;PrimalResidual_H2CN_prod;PrimalResidual_H2CN_cap;DualResidual_ETS;DualResidual_EOM;DualResidual_REC;DualResidual_H2;DualResidual_H2CN_prod;DualResidual_H2CN_cap
1.0;25.128037905889016;0.9177210588530744;0.1863851350259922;12.615657677442854;0.8830195736311035;0.1702367687154175;0.007314470771371453;19.732681040765257;0.09898777629560465;15.215529131474042;0.9714003317419996;0.07993098320811354;0.01256856767991387
2.0;24.599646681810544;0.970422957413187;0.18580239741755214;12.532912275760195;0.6036601283865873;0.14505019745711142;0.007150301807526215;16.669931507846783;0.09799605133693273;15.216179006025278;0.9720349164525918;0.14087052436248512;0.010792090552698788
