Iterations;PrimalResidual_ETS;PrimalResidual_MSR;PrimalResidual_EOM;PrimalResidual_REC;DualResidual_ETS;DualResidual_EOM;DualResidual_REC
1.0;32.84233952086953;3.397670694661101;0.37867585280790667;10.22105174488789;34.29381301447556;0.26834272560620387;7.927673079929073
2.0;32.81016891578724;4.8185279585734335;0.3735728893507201;10.178413149019672;34.49869027625751;0.3600340282567532;7.926855656462361
