Iterations;PrimalResidual_ETS;PrimalResidual_MSR;PrimalResidual_EOM;PrimalResidual_REC;PrimalResidual_H2;PrimalResidual_H2CN_prod;PrimalResidual_H2CN_cap;DualResidual_ETS;DualResidual_EOM;DualResidual_REC;DualResidual_H2;DualResidual_H2CN_prod;DualResidual_H2CN_cap
1.0;26.22912543666564;0.4432692229834686;0.11274794327512236;4.270175199147902;0.6293881771967051;0.09414890865546477;0.0;11.68385470304178;0.0592717946601059;6.535036532587179;1.0144140577988365;0.29537889788805266;0.0
2.0;24.969224186528837;0.5560795060860142;0.11256742984978498;4.253330939475364;0.7134178161246982;0.04642186708021785;0.0;20.601587574333568;0.0599077887358706;6.5342697981683395;0.9197555785915684;0.26370888859944147;0.0
