Iterations;PrimalResidual_ETS;PrimalResidual_MSR;PrimalResidual_EOM;PrimalResidual_REC;DualResidual_ETS;DualResidual_EOM;DualResidual_REC
1.0;27.247996639310895;2.519156221740871;0.13722320469086588;4.282228013551982;17.791510749698237;0.0813208322893619;5.651466104900771
2.0;27.352047791275158;2.2045352638108704;0.1370163265565256;4.2741776547506;18.182875780951264;0.08339092248315318;5.651416309638348
