Iterations;PrimalResidual_ETS;PrimalResidual_MSR;PrimalResidual_EOM;PrimalResidual_REC;PrimalResidual_H2;PrimalResidual_H2CN_prod;PrimalResidual_H2CN_cap;DualResidual_ETS;DualResidual_EOM;DualResidual_REC;DualResidual_H2;DualResidual_H2CN_prod;DualResidual_H2CN_cap
1.0;25.82178850468758;0.41350604509764133;0.09039154230115735;3.837739488709042;0.31486473884710986;0.05571858502612115;0.0;12.277648039882873;0.06627457335352867;6.548582582247209;0.5766107985112526;0.04905555000897635;0.0
2.0;24.736182230457622;0.3624123261029766;0.09037481907625544;3.8294607358353376;0.40475572008477184;0.05983611058820862;0.0;17.388041892687877;0.06451553190798136;6.548190990955679;0.6129557945074608;0.025510533422644435;0.0
