Iterations;PrimalResidual_ETS;PrimalResidual_MSR;PrimalResidual_EOM;PrimalResidual_REC;DualResidual_ETS;DualResidual_EOM;DualResidual_REC
1.0;917.2393554373816;105.99910705146075;4.2189988547433215;49.33740897235854;496.664280698937;9.187325432671122;65.91630007543445
2.0;887.0116473806154;9.28726876909019;4.264397229180471;47.38221586437027;494.2550192621321;7.84541707549812;65.764291936408
