Iterations;PrimalResidual_ETS;PrimalResidual_MSR;PrimalResidual_EOM;PrimalResidual_REC;PrimalResidual_H2;PrimalResidual_H2CN_prod;PrimalResidual_H2CN_cap;DualResidual_ETS;DualResidual_EOM;DualResidual_REC;DualResidual_H2;DualResidual_H2CN_prod;DualResidual_H2CN_cap
1.0;25.30921031620612;0.500820663731488;0.0969029640188315;4.8316275834858375;1.0709063039891538;0.08269545173379841;0.0;23.737614654657875;0.06581696819912784;7.8243274484430465;0.4948197910141748;0.1312594102666386;0.0
2.0;24.74296460585734;0.5803524190313363;0.09688708468216178;4.810313835639117;1.0431753209016503;0.0838311639700205;0.0;22.393803936787805;0.06088317298272653;7.824278638299581;0.4968789057422848;0.10066893969227629;0.0
