Iterations;PrimalResidual_ETS;PrimalResidual_MSR;PrimalResidual_EOM;PrimalResidual_REC;PrimalResidual_H2;PrimalResidual_H2CN_prod;PrimalResidual_H2CN_cap;DualResidual_ETS;DualResidual_EOM;DualResidual_REC;DualResidual_H2;DualResidual_H2CN_prod;DualResidual_H2CN_cap
1.0;26.3209237036947;0.5575174745457746;0.23875685781044886;13.358386551342436;0.2586959561988793;0.03710535541919835;0.013007560813472553;13.059232253591023;0.2046869598162308;19.041443632200487;0.7645036944429143;0.02902356022284816;0.01331928550597975
2.0;25.075972853291834;0.6127098258742362;0.23779098438057303;13.251220884561409;0.4783991400623349;0.03478367346379136;0.012857858053030576;19.24569470072349;0.21358236601915678;19.042323475886285;0.722634389037832;0.026658651533112126;0.0135642985543123
