Iterations;PrimalResidual_ETS;PrimalResidual_MSR;PrimalResidual_EOM;PrimalResidual_REC;DualResidual_ETS;DualResidual_EOM;DualResidual_REC
1.0;42.31233622249229;4.853094689209924;0.26935495887784633;8.643949605392395;36.87040784521054;0.30356237476011894;6.662020318334892
2.0;41.93904793107783;2.7684741189748476;0.26802063004858284;8.581255522149593;37.531850462180586;0.2900443481231635;6.661809663973015
