Iterations;PrimalResidual_ETS;PrimalResidual_MSR;PrimalResidual_EOM;PrimalResidual_REC;PrimalResidual_H2;PrimalResidual_H2CN_prod;PrimalResidual_H2CN_cap;DualResidual_ETS;DualResidual_EOM;DualResidual_REC;DualResidual_H2;DualResidual_H2CN_prod;DualResidual_H2CN_cap
1.0;9.683564287361802;0.0;1.1816316991752718;1.2638194815377308;1.1641549122496684;0.14862156351490385;6.814483689886524;12.797246430138726;0.8636304898063256;8.919661963358921;1.921305874573857;0.1677905156736146;3.8468392914885867
2.0;9.602204846075963;0.0;1.1801649730437238;1.247905390378058;1.179974435509007;0.1502669817939148;6.803751518430396;12.948063424358642;0.8612798622041723;8.917965724481695;1.9248245082719444;0.16510232756541418;3.879701237648587
