Iterations;PrimalResidual_ETS;PrimalResidual_MSR;PrimalResidual_EOM;PrimalResidual_REC;PrimalResidual_H2;PrimalResidual_H2CN_prod;PrimalResidual_H2CN_cap;DualResidual_ETS;DualResidual_EOM;DualResidual_REC;DualResidual_H2;DualResidual_H2CN_prod;DualResidual_H2CN_cap
1.0;10.483270645404641;0.0;1.1835693147063333;1.311104827938129;1.1206013964918748;0.1402745929907133;2.3313614078598377;9.766282025045054;0.8040916386419696;8.80843905983108;1.7893172210370116;0.2783885154845362;1.5197018670353364
2.0;10.378702483540712;0.0;1.1796856435932075;1.2839565099332695;1.0922879369769105;0.13591040306476365;2.3355223746019544;9.972031101041384;0.8649432104794345;8.746367241523881;1.788632937031654;0.2831493975890614;1.5350584965412353
