Iterations;PrimalResidual_ETS;PrimalResidual_MSR;PrimalResidual_EOM;PrimalResidual_REC;PrimalResidual_H2;PrimalResidual_H2CN_prod;PrimalResidual_H2CN_cap;DualResidual_ETS;DualResidual_EOM;DualResidual_REC;DualResidual_H2;DualResidual_H2CN_prod;DualResidual_H2CN_cap
1.0;10.38782942367095;0.0;1.1836372191377376;1.6227363500525525;1.075926520966522;0.1747990643940613;4.202409429873351;8.888901960122688;0.7817835193345628;8.849606014849039;1.9410283894804423;0.34326189966545967;2.579783747578991
2.0;10.299835630759585;0.0;1.1799183763818986;1.603915210412548;1.0525878189598974;0.16765505638392567;4.209607104705178;9.247310602806774;0.9389699443880247;8.852767109931795;1.9478407816308274;0.3418603149373445;2.541968357745974
