Iterations;PrimalResidual_ETS;PrimalResidual_MSR;PrimalResidual_EOM;PrimalResidual_REC;PrimalResidual_H2;PrimalResidual_H2CN_prod;PrimalResidual_H2CN_cap;DualResidual_ETS;DualResidual_EOM;DualResidual_REC;DualResidual_H2;DualResidual_H2CN_prod;DualResidual_H2CN_cap
1.0;10.934181363479652;0.0;1.1811470187781326;1.8941582032446078;0.8278752224196203;0.16590188628287564;0.0;6.827405420824409;0.9083541361327534;8.776783595379356;1.6338581692597756;0.18065562588837217;0.0
2.0;10.889757588554579;0.0;1.1805649664190645;1.867752547965921;0.8055296732395171;0.15304705455962872;0.0;6.947736090986165;0.750011002436273;8.78101698805725;1.6503133908609866;0.18016884945354822;0.0
