Iterations;PrimalResidual_ETS;PrimalResidual_MSR;PrimalResidual_EOM;PrimalResidual_REC;PrimalResidual_H2;PrimalResidual_H2CN_prod;PrimalResidual_H2CN_cap;DualResidual_ETS;DualResidual_EOM;DualResidual_REC;DualResidual_H2;DualResidual_H2CN_prod;DualResidual_H2CN_cap
1.0;9.626163911030302;0.0;1.1821836855659362;1.9448146869959075;0.8232746494469687;0.1380616231400144;0.015027091833238816;8.1128754548864;0.81110739173961;8.72762234035836;1.6787153194239597;0.14619401676336946;0.019365129820429896
2.0;9.546250620506907;0.0;1.1775651777194729;1.9293460594301313;0.9033273510836947;0.13169748180996146;0.015234062603741405;8.352418380199728;0.9843875113957311;8.732253543210641;1.6888530448815813;0.147737943352745;0.006299613725395314
