Iterations;PrimalResidual_ETS;PrimalResidual_MSR;PrimalResidual_EOM;PrimalResidual_REC;PrimalResidual_H2;PrimalResidual_H2CN_prod;PrimalResidual_H2CN_cap;DualResidual_ETS;DualResidual_EOM;DualResidual_REC;DualResidual_H2;DualResidual_H2CN_prod;DualResidual_H2CN_cap
1.0;10.617277821892737;0.0;1.1826194126430287;1.7955137004669266;1.059383721853583;0.15788395977311143;2.19978964558858;8.102635242576095;0.8815488289955874;8.767533821067056;1.6607223709330523;0.30368230601622326;1.0010510654796914
2.0;10.535495138569326;0.0;1.179643484569439;1.7751326731584982;0.905472081003382;0.1576628790479631;2.044442635220516;8.32427611928356;1.0474533399283097;8.771557753253468;1.6742795022138866;0.30246456376875697;1.1055491088456328
