Iterations;PrimalResidual_ETS;PrimalResidual_MSR;PrimalResidual_EOM;PrimalResidual_REC;PrimalResidual_H2;PrimalResidual_H2CN_prod;PrimalResidual_H2CN_cap;DualResidual_ETS;DualResidual_EOM;DualResidual_REC;DualResidual_H2;DualResidual_H2CN_prod;DualResidual_H2CN_cap
1.0;10.290544781464115;0.0;1.1832712772402318;1.3701464664474348;1.6143186018163502;0.19556785137178856;2.486081290989104;10.871128862424984;0.9724021395095681;8.850277597582425;1.866747113219388;0.35198354593065173;1.7747624674236853
2.0;10.135247967974637;0.0;1.1798536196660623;1.3552079028157096;0.986678717022106;0.19383342871095413;2.4910588281804014;11.552883221272563;0.9943904486048949;8.857380183543619;1.8720739555815769;0.3568659867727225;1.7489736820955375
