Iterations;PrimalResidual_ETS;PrimalResidual_MSR;PrimalResidual_EOM;PrimalResidual_REC;PrimalResidual_H2;PrimalResidual_H2CN_prod;PrimalResidual_H2CN_cap;DualResidual_ETS;DualResidual_EOM;DualResidual_REC;DualResidual_H2;DualResidual_H2CN_prod;DualResidual_H2CN_cap
1.0;10.3322666102997;0.0;1.181976430501598;1.4964760252511926;1.1234167410418814;0.045111325415408944;0.0;10.432463409507722;0.9469988220070777;8.822681391970116;1.6737981675128777;0.07508579531443342;0.0
2.0;10.29821112843549;0.0;1.1798275666280125;1.4792889560907432;1.031826257327333;0.045398751102961626;0.0;10.636409304337837;0.8854151731303984;8.826111553875014;1.6865508827606779;0.07610231408559134;0.0
