Iterations;PrimalResidual_ETS;PrimalResidual_MSR;PrimalResidual_EOM;PrimalResidual_REC;PrimalResidual_H2;PrimalResidual_H2CN_prod;PrimalResidual_H2CN_cap;DualResidual_ETS;DualResidual_EOM;DualResidual_REC;DualResidual_H2;DualResidual_H2CN_prod;DualResidual_H2CN_cap
1.0;15.428865914717164;0.0;1.1826266812743444;1.2288337088949952;4.714939284513986;0.0;0.0001533239857844329;8.262110933536652;0.7881706452711355;7.629580264537583;1.4577870396204855;0.0;0.000311880600217617
2.0;15.356697901303049;0.0;1.1793185087247129;1.178989978843082;5.808983048592522;0.0;0.00016001309953035393;7.761608606304641;0.8609732256702072;7.634378271743243;1.4143442255957435;0.0;0.00020359983169419835
