Iterations;PrimalResidual_ETS;PrimalResidual_MSR;PrimalResidual_EOM;PrimalResidual_REC;PrimalResidual_H2;PrimalResidual_H2CN_prod;PrimalResidual_H2CN_cap;DualResidual_ETS;DualResidual_EOM;DualResidual_REC;DualResidual_H2;DualResidual_H2CN_prod;DualResidual_H2CN_cap
1.0;9.92603714077756;0.0;1.1808043689568029;1.7774048487452268;1.005347887195846;0.17057527047206292;5.313171193197648;9.923055206268208;0.7705563571520545;8.872707134476618;2.001918516707839;0.3565843286617931;2.7805357030323843
2.0;9.776723269620726;0.0;1.1770753687405549;1.7563276872684426;0.9896861381841486;0.16765661328822792;5.310671495462489;10.39544974914086;0.8563458208966728;8.883663196123408;2.0048069354289755;0.33486192536350656;2.7762321451110106
