Iterations;PrimalResidual_ETS;PrimalResidual_MSR;PrimalResidual_EOM;PrimalResidual_REC;PrimalResidual_H2;PrimalResidual_H2CN_prod;PrimalResidual_H2CN_cap;DualResidual_ETS;DualResidual_EOM;DualResidual_REC;DualResidual_H2;DualResidual_H2CN_prod;DualResidual_H2CN_cap
1.0;12.231846817175882;0.0;1.1845962247801032;1.7741063828867014;2.2491420527300234;0.19914853956441814;0.0;7.275434910089517;0.8248889088351291;9.340282093826804;1.3833491369655524;0.17346681409693376;0.0
2.0;12.133806981277434;0.0;1.1804879275944737;1.7554460426857386;2.904064848982886;0.2029755728395272;0.0;7.315905203786565;0.9076815591350744;9.34308844683629;1.3817902998863065;0.17179311234573746;0.0
