Iterations;PrimalResidual_ETS;PrimalResidual_MSR;PrimalResidual_EOM;PrimalResidual_REC;PrimalResidual_H2;PrimalResidual_H2CN_prod;PrimalResidual_H2CN_cap;DualResidual_ETS;DualResidual_EOM;DualResidual_REC;DualResidual_H2;DualResidual_H2CN_prod;DualResidual_H2CN_cap
1.0;9.78875350782784;0.0;1.1828763447224149;1.296192991030514;1.0216779305604626;0.11954969241877308;1.231637239093304;12.004217674431686;0.8616614673333515;8.888893914674082;1.778256810764528;0.21280035141065592;0.6285187509419138
2.0;9.643956618189168;0.0;1.1807257176856687;1.253319398252776;1.1055752387943383;0.1185656399899131;1.2396861447214473;12.450116891353908;0.8544715635478645;8.671679999049598;1.7844357584313488;0.20993916142044466;0.599048399606985
