Iterations;PrimalResidual_ETS;PrimalResidual_MSR;PrimalResidual_EOM;PrimalResidual_REC;PrimalResidual_H2;PrimalResidual_H2CN_prod;PrimalResidual_H2CN_cap;DualResidual_ETS;DualResidual_EOM;DualResidual_REC;DualResidual_H2;DualResidual_H2CN_prod;DualResidual_H2CN_cap
1.0;16.092265911012202;0.0;1.1821340408272145;0.6626599746214601;0.9202878661959127;0.05453914387810873;0.0;8.373403001118689;0.9508208635374147;8.59789356324964;1.8306406752456084;0.04176265273063563;0.0
2.0;15.806644532614252;0.0;1.1800390538008987;0.6604303051059826;0.7503050211380369;0.05214334369187082;0.0;8.425820357703072;0.9179230412638987;8.601569364921579;1.8402265927145498;0.04343654008511869;0.0
