Iterations;PrimalResidual_ETS;PrimalResidual_MSR;PrimalResidual_EOM;PrimalResidual_REC;PrimalResidual_H2;PrimalResidual_H2CN_prod;PrimalResidual_H2CN_cap;DualResidual_ETS;DualResidual_EOM;DualResidual_REC;DualResidual_H2;DualResidual_H2CN_prod;DualResidual_H2CN_cap
1.0;10.546171816726496;0.0;1.186180126336553;1.9366909619349137;0.8036985833697269;0.2916307159452342;4.394247144376229;8.227104242198465;0.8774634053566722;8.839989943725547;1.885996376717215;0.37900717071498946;2.7650636017286363
2.0;10.467260038761353;0.0;1.1800810438993448;1.9199687482388206;0.8604039209427531;0.28009030176296795;4.3982910111564975;8.508611614782687;0.9722207630301203;8.849288447167323;1.8925867070964824;0.3856444594752052;2.711422244920099
