Iterations;PrimalResidual_ETS;PrimalResidual_MSR;PrimalResidual_EOM;PrimalResidual_REC;PrimalResidual_H2;PrimalResidual_H2CN_prod;PrimalResidual_H2CN_cap;DualResidual_ETS;DualResidual_EOM;DualResidual_REC;DualResidual_H2;DualResidual_H2CN_prod;DualResidual_H2CN_cap
1.0;10.324452918335748;0.0;1.1808501545967944;1.5688059916000237;1.123117269470153;0.27085404048204625;1.2235402605404735;10.640480284618846;0.9402716663010265;8.415555082034798;1.9101067225837973;0.21250424747897456;0.8281201352382814
2.0;10.366304388384147;0.0;1.178200905425267;1.6430134206530909;1.0721253750610915;0.318889722545156;1.196565742913319;10.75413237123062;0.9404729703448177;8.41486320112195;1.91787742128776;0.22025380736816594;0.5645733721240817
