Iterations;PrimalResidual_ETS;PrimalResidual_MSR;PrimalResidual_EOM;PrimalResidual_REC;PrimalResidual_H2;PrimalResidual_H2CN_prod;PrimalResidual_H2CN_cap;DualResidual_ETS;DualResidual_EOM;DualResidual_REC;DualResidual_H2;DualResidual_H2CN_prod;DualResidual_H2CN_cap
1.0;10.3251468098064;0.0;1.1832633487795126;1.2787327563795097;3.9445110206932665;0.07434985633737129;4.981974996983713;11.685770996068397;0.8193942531072695;8.848313425043658;2.11369450992826;0.06629603360990474;3.6371719178027524
2.0;10.375060713042492;0.0;1.178422200026338;1.2456724833435284;2.9015476955863946;0.07925646011484992;4.988428649893299;11.041445602442908;0.8039965445925187;8.74175011715388;2.122517006477724;0.06368877355086675;3.613009196578909
