Iterations;PrimalResidual_ETS;PrimalResidual_MSR;PrimalResidual_EOM;PrimalResidual_REC;PrimalResidual_H2;PrimalResidual_H2CN_prod;PrimalResidual_H2CN_cap;DualResidual_ETS;DualResidual_EOM;DualResidual_REC;DualResidual_H2;DualResidual_H2CN_prod;DualResidual_H2CN_cap
1.0;9.072746041536565;0.0;1.1828349789109867;1.785314426613634;1.2587530231418729;0.2719038653364889;7.319252163556019;12.911377752315396;0.9254715703139155;8.678356815318677;1.8556915009944817;0.10889159889612879;3.8218568870022844
2.0;9.071947469561417;0.0;1.179625244994652;1.7936265882363822;1.1666622522655543;0.26831334589595807;7.327034917775617;12.945223288981145;0.9565638925028798;8.67587616181473;1.8544859564061218;0.1069767057952739;3.826664835510618
