Iterations;PrimalResidual_ETS;PrimalResidual_MSR;PrimalResidual_EOM;PrimalResidual_REC;PrimalResidual_H2;PrimalResidual_H2CN_prod;PrimalResidual_H2CN_cap;DualResidual_ETS;DualResidual_EOM;DualResidual_REC;DualResidual_H2;DualResidual_H2CN_prod;DualResidual_H2CN_cap
1.0;10.116665699496554;0.0;1.1820699959142933;1.87651945892385;0.8671684547143285;0.09335698917903368;0.0;10.365463128047171;0.8892818713157385;8.773728922844047;1.581544212794347;0.1436132460883692;0.0
2.0;9.966419544245674;0.0;1.1792376677690204;1.8583064213868754;0.8250647206880373;0.08849747441075789;0.0;11.045790652903003;0.867994513843675;8.77698685552912;1.5973380314830132;0.14449082836002664;0.0
