Iterations;PrimalResidual_ETS;PrimalResidual_MSR;PrimalResidual_EOM;PrimalResidual_REC;PrimalResidual_H2;PrimalResidual_H2CN_prod;PrimalResidual_H2CN_cap;DualResidual_ETS;DualResidual_EOM;DualResidual_REC;DualResidual_H2;DualResidual_H2CN_prod;DualResidual_H2CN_cap
1.0;9.882400820133805;0.0;1.1816880599735213;0.5774172663746243;1.206709608448288;0.0;0.0;12.789217470308206;0.9001489163114714;8.666149957579758;1.9907888890302319;0.0;0.0
2.0;9.83077918325096;0.0;1.1784969294491334;0.572577918682451;1.2455693415128901;0.0;0.0;12.916196855661319;0.9414036356695105;8.672943646666425;1.9919498489184493;0.0;0.0
