Iterations;PrimalResidual_ETS;PrimalResidual_MSR;PrimalResidual_EOM;PrimalResidual_REC;PrimalResidual_H2;PrimalResidual_H2CN_prod;PrimalResidual_H2CN_cap;DualResidual_ETS;DualResidual_EOM;DualResidual_REC;DualResidual_H2;DualResidual_H2CN_prod;DualResidual_H2CN_cap
1.0;11.713452583580874;0.0;1.1833277346545117;1.901408749903658;0.8220432049899117;0.19089703438294373;0.5303659649789905;7.404734487361203;0.9949130820715527;8.774143840323621;1.6736829485610696;0.20007355915172062;0.7355143696734798
2.0;11.639389769344382;0.0;1.1799568077964795;1.8843104467079055;0.8583411522355993;0.1786681509488651;0.5238319066032079;7.6719935337304035;1.0344152014641135;8.778990640269312;1.6876228323157352;0.20382223250520434;0.7194044550354617
