Iterations;PrimalResidual_ETS;PrimalResidual_MSR;PrimalResidual_EOM;PrimalResidual_REC;PrimalResidual_H2;PrimalResidual_H2CN_prod;PrimalResidual_H2CN_cap;DualResidual_ETS;DualResidual_EOM;DualResidual_REC;DualResidual_H2;DualResidual_H2CN_prod;DualResidual_H2CN_cap
1.0;10.629677916252577;0.0;1.184424661834871;1.7288058133732351;1.272529161739963;0.4113520557933367;3.9332053580394475;10.982040111146716;0.7673050621209637;8.45368167425805;2.158234309327467;0.022198917154501424;3.6640906274703857
2.0;10.533739317048257;0.0;1.1773615084076954;1.7848924351492217;1.250281371571171;0.4056036343720745;3.934775074469568;11.197619821376593;0.9719600918441635;8.455478638576881;2.1712670110758894;0.02272229816848122;3.5957401431232263
