Iterations;PrimalResidual_ETS;PrimalResidual_MSR;PrimalResidual_EOM;PrimalResidual_REC;PrimalResidual_H2;PrimalResidual_H2CN_prod;PrimalResidual_H2CN_cap;DualResidual_ETS;DualResidual_EOM;DualResidual_REC;DualResidual_H2;DualResidual_H2CN_prod;DualResidual_H2CN_cap
1.0;11.773670896166147;0.0;1.1836910596739587;1.8523964372517527;4.481293829053544;0.08570669609786852;4.5624344411647835;10.777123518308615;0.811230258842736;8.451339955564547;2.266746700555603;0.2718849993819862;3.227219804265981
2.0;11.642149293732599;0.0;1.1789041152456619;1.8341551540485777;3.3218462978537686;0.07311575274421639;4.56333481945696;11.063111339345868;0.9898858003854182;8.45519168402473;2.2755093071636874;0.2717720473847494;3.253749063656402
