Iterations;PrimalResidual_ETS;PrimalResidual_MSR;PrimalResidual_EOM;PrimalResidual_REC;PrimalResidual_H2;PrimalResidual_H2CN_prod;PrimalResidual_H2CN_cap;DualResidual_ETS;DualResidual_EOM;DualResidual_REC;DualResidual_H2;DualResidual_H2CN_prod;DualResidual_H2CN_cap
1.0;10.203020042987424;0.0;1.1813637376763921;1.3420995673617342;0.9818164518598621;0.09146182777580071;0.9095827873550435;10.845509575490874;0.9236203131329137;8.800843421807901;1.833792302108013;0.06437571154550127;1.5015260139105968
2.0;10.082320184776387;0.0;1.17880651212139;1.3270662241809519;0.9862639988588678;0.09264730282218094;0.9065563251957759;11.140542492870939;0.9123078348000251;8.805355324741516;1.8519672328039682;0.06194252836221862;1.5502013691161718
