Iterations;PrimalResidual_ETS;PrimalResidual_MSR;PrimalResidual_EOM;PrimalResidual_REC;PrimalResidual_H2;PrimalResidual_H2CN_prod;PrimalResidual_H2CN_cap;DualResidual_ETS;DualResidual_EOM;DualResidual_REC;DualResidual_H2;DualResidual_H2CN_prod;DualResidual_H2CN_cap
1.0;11.35234137881143;0.0;1.1815626420298961;1.3988968224363805;1.108938930248433;0.12196066469735047;2.6259234498052213;10.707368237017313;0.9755255318511465;8.768842199671928;2.03861463203438;0.23946544580901843;1.7978605836810166
2.0;11.17943641634464;0.0;1.1791500471325944;1.383039418398298;1.0923487429047898;0.12670802980034693;2.6346479750342247;11.370642761275278;1.0131417244696816;8.77430035819088;2.036594280145096;0.24928690989643518;1.8415356415153217
