Iterations;PrimalResidual_ETS;PrimalResidual_MSR;PrimalResidual_EOM;PrimalResidual_REC;PrimalResidual_H2;PrimalResidual_H2CN_prod;PrimalResidual_H2CN_cap;DualResidual_ETS;DualResidual_EOM;DualResidual_REC;DualResidual_H2;DualResidual_H2CN_prod;DualResidual_H2CN_cap
1.0;9.817848598645666;0.0;1.1810597842561985;1.8769706052452741;1.2326696487095776;0.16571928684457912;7.069336875035461;12.941145933112955;0.9515301180807917;8.731539872948112;1.8601788865180742;0.10405333889974105;3.6454665778417987
2.0;10.004646240331002;0.0;1.1787474482173739;1.8579534453944029;1.1870561396771147;0.15890962151353352;7.082396395331433;12.110432863634166;0.9645740140403383;8.722079617028795;1.8473445505191008;0.09860947856683426;3.6346328579034313
