Iterations;PrimalResidual_ETS;PrimalResidual_MSR;PrimalResidual_EOM;PrimalResidual_REC;PrimalResidual_H2;PrimalResidual_H2CN_prod;PrimalResidual_H2CN_cap;DualResidual_ETS;DualResidual_EOM;DualResidual_REC;DualResidual_H2;DualResidual_H2CN_prod;DualResidual_H2CN_cap
1.0;11.861384873923432;0.0;1.183488637295436;1.5141116346377377;0.9533935079240067;0.18733920157099757;0.5159562864034181;6.991395460568909;0.9005421459587719;8.87392489151051;1.6223678346337693;0.16574735259743056;0.737533680009825
2.0;11.806945124153435;0.0;1.1792983022012176;1.613378819156702;0.962232268295334;0.23486738603079113;0.5139286265204507;7.069027082165496;0.9222115101296264;8.858226734983221;1.6382051616917572;0.16674435618019676;0.726606847168123
