Iterations;PrimalResidual_ETS;PrimalResidual_MSR;PrimalResidual_EOM;PrimalResidual_REC;PrimalResidual_H2;PrimalResidual_H2CN_prod;PrimalResidual_H2CN_cap;DualResidual_ETS;DualResidual_EOM;DualResidual_REC;DualResidual_H2;DualResidual_H2CN_prod;DualResidual_H2CN_cap
1.0;16.102177238333756;0.0;1.1815739515318497;0.6497037988966784;0.9137376264789612;0.05285000865623104;0.0;8.422389034789099;0.93820177948252;8.588049725838898;1.8238636696451485;0.038855408428351425;0.0
2.0;15.831815843634427;0.0;1.179646218082044;0.6425261320047408;0.9020580224297187;0.04877669961700397;0.0;8.487750579156378;0.9195729357959438;8.59233903377776;1.8306997851876317;0.04042546423110557;0.0
