Iterations;PrimalResidual_ETS;PrimalResidual_MSR;PrimalResidual_EOM;PrimalResidual_REC;PrimalResidual_H2;PrimalResidual_H2CN_prod;PrimalResidual_H2CN_cap;DualResidual_ETS;DualResidual_EOM;DualResidual_REC;DualResidual_H2;DualResidual_H2CN_prod;DualResidual_H2CN_cap
1.0;10.16308312132082;0.0;1.1810473626040792;1.3172652605123334;0.9698575147896439;0.07266299470078438;0.0;11.139073460932998;0.8795273196248395;8.878966810654557;1.7455339723894296;0.08113568676438118;0.0
2.0;10.013267249385613;0.0;1.1781964733744037;1.3011890950045883;0.9902003115319823;0.07491115293628488;0.0;11.516770219978545;0.9384146819945044;8.883221857309158;1.752065176151642;0.0788670876075428;0.0
