Iterations;PrimalResidual_ETS;PrimalResidual_MSR;PrimalResidual_EOM;PrimalResidual_REC;PrimalResidual_H2;PrimalResidual_H2CN_prod;PrimalResidual_H2CN_cap;DualResidual_ETS;DualResidual_EOM;DualResidual_REC;DualResidual_H2;DualResidual_H2CN_prod;DualResidual_H2CN_cap
1.0;11.784278441674456;0.0;1.1832973157822007;1.9263089837940008;2.2487370501099893;0.21124123027182584;2.253274077510334;7.325517774841475;1.0936046951131766;8.798046811770456;1.6184084884170238;0.19328625885884818;1.1696389458462129
2.0;11.716853634298378;0.0;1.1796128334447507;1.9101054131186714;1.6857007925972771;0.19667935674735;2.240996781417483;7.519495639141136;0.9814378257895237;8.801733028988947;1.6365499404108461;0.193741329264339;1.138149117289444
