Iterations;PrimalResidual_ETS;PrimalResidual_MSR;PrimalResidual_EOM;PrimalResidual_REC;PrimalResidual_H2;PrimalResidual_H2CN_prod;PrimalResidual_H2CN_cap;DualResidual_ETS;DualResidual_EOM;DualResidual_REC;DualResidual_H2;DualResidual_H2CN_prod;DualResidual_H2CN_cap
1.0;10.157195403626197;0.0;1.1823987554053867;1.8723013168401286;1.0324614556999534;0.14080947307802058;1.166102782770807;11.64201848489113;0.7849153654801735;8.407750844619084;1.8879033776051455;0.17476291568344474;1.0803404506264616
2.0;10.277730883138197;0.0;1.180200406499128;1.854309670740729;1.0272368630268431;0.132940495771868;1.1693422440624528;10.834696028808827;0.8627720693327954;8.412423252736541;1.8910481336202951;0.1864778283201385;1.1163447680222414
