Iterations;PrimalResidual_ETS;PrimalResidual_MSR;PrimalResidual_EOM;PrimalResidual_REC;PrimalResidual_H2;PrimalResidual_H2CN_prod;PrimalResidual_H2CN_cap;DualResidual_ETS;DualResidual_EOM;DualResidual_REC;DualResidual_H2;DualResidual_H2CN_prod;DualResidual_H2CN_cap
1.0;11.62969315906006;0.0;1.1832897235764752;1.796411450939142;1.4032868278556592;0.37406902180906826;6.674621513604618;12.410529541910943;0.9283274992041806;8.490515553426674;1.8667848575055552;0.033340448290352744;4.172023057369202
2.0;11.503705763110887;0.0;1.179532368215171;1.8273552093023646;1.3541885212628486;0.34051676498134203;6.683894486061428;12.79095196250752;0.955310809563303;8.492575921623926;1.8643338242050662;0.03523393320094349;4.211595408811717
