Iterations;PrimalResidual_ETS;PrimalResidual_MSR;PrimalResidual_EOM;PrimalResidual_REC;PrimalResidual_H2;PrimalResidual_H2CN_prod;PrimalResidual_H2CN_cap;DualResidual_ETS;DualResidual_EOM;DualResidual_REC;DualResidual_H2;DualResidual_H2CN_prod;DualResidual_H2CN_cap
1.0;10.70482831477708;0.0;1.1823272214545817;1.992936151634655;1.077340930311733;0.24043879968720117;2.5734851701054553;8.186519110466541;0.9816405813170337;8.785436752601113;1.9865999988273886;0.397756484038856;1.411056510197586
2.0;10.634764991714395;0.0;1.1802245189248926;1.9829013450614812;1.0170892123136395;0.23265346665821277;2.5863534065244367;8.370765225906117;0.9175038758408425;8.792813566926972;1.9983354627362617;0.4088688542196794;1.4466700259977405
