Iterations;PrimalResidual_ETS;PrimalResidual_MSR;PrimalResidual_EOM;PrimalResidual_REC;PrimalResidual_H2;PrimalResidual_H2CN_prod;PrimalResidual_H2CN_cap;DualResidual_ETS;DualResidual_EOM;DualResidual_REC;DualResidual_H2;DualResidual_H2CN_prod;DualResidual_H2CN_cap
1.0;10.20093177478266;0.0;1.1828808559068276;1.3692987240597179;0.9565379462763035;0.1449218144218;1.7919458519502502;11.042472201294744;0.8374139265582807;8.810963327084217;1.9017604724610329;0.2768459187137879;0.9762681821732656
2.0;10.183204696975048;0.0;1.1791640710158544;1.3537193451192813;0.9371960238775482;0.14820444147839876;1.8001778991386461;10.771158974961073;0.9522506409212514;8.81511906053003;1.9144647449333763;0.2818826041769698;0.9729275089263713
