Iterations;PrimalResidual_ETS;PrimalResidual_MSR;PrimalResidual_EOM;PrimalResidual_REC;PrimalResidual_H2;PrimalResidual_H2CN_prod;PrimalResidual_H2CN_cap;DualResidual_ETS;DualResidual_EOM;DualResidual_REC;DualResidual_H2;DualResidual_H2CN_prod;DualResidual_H2CN_cap
1.0;11.94598499662304;0.0;1.18143755941879;0.5759248979602499;4.409349552678591;0.0;5.862580022687425;11.869956641588884;0.9351440651723981;8.070093816867255;2.09309389921357;0.0;3.7620180345696483
2.0;11.8112525320772;0.0;1.1802004305258287;0.5681440829317677;5.486002347898972;0.0;5.83917133901677;12.26699120584331;0.8073080247831363;8.074332518631593;2.0632831417762354;0.0;3.7723055654353375
