Iterations;PrimalResidual_ETS;PrimalResidual_MSR;PrimalResidual_EOM;PrimalResidual_REC;PrimalResidual_H2;PrimalResidual_H2CN_prod;PrimalResidual_H2CN_cap;DualResidual_ETS;DualResidual_EOM;DualResidual_REC;DualResidual_H2;DualResidual_H2CN_prod;DualResidual_H2CN_cap
1.0;10.36351256598647;0.0;1.182038825185357;0.5457391101560317;1.499193666505031;0.0;1.8619236523156333;12.664159965424115;0.9840302974998955;8.234133704770437;2.3241050144702;0.0;1.1675291742647003
2.0;10.495096595754411;0.0;1.1788055650306106;0.5420702982056147;1.4871683329433893;0.0;1.8308520920294804;12.26203430802001;0.9914928688500693;8.244821776275579;2.3282089296284374;0.0;1.1793788630528874
