Iterations;PrimalResidual_ETS;PrimalResidual_MSR;PrimalResidual_EOM;PrimalResidual_REC;PrimalResidual_H2;PrimalResidual_H2CN_prod;PrimalResidual_H2CN_cap;DualResidual_ETS;DualResidual_EOM;DualResidual_REC;DualResidual_H2;DualResidual_H2CN_prod;DualResidual_H2CN_cap
1.0;11.975738908056812;0.0;1.184179705080422;1.6379018511937202;1.0598546234557569;0.20209566908585253;0.014864740336000342;7.162586894665821;0.806006434783369;9.3509678979265;1.6223314400981559;0.1571275575468707;0.006145856617489168
2.0;11.93217631536382;0.0;1.1797548837232859;1.6181880816385377;1.0493374342154331;0.20250101646818627;0.014020416068366492;7.0662308332168475;0.912108422259512;9.353809308260391;1.6407949844451462;0.1559180540189942;0.02826788848119609
