Iterations;PrimalResidual_ETS;PrimalResidual_MSR;PrimalResidual_EOM;PrimalResidual_REC;PrimalResidual_H2;PrimalResidual_H2CN_prod;PrimalResidual_H2CN_cap;DualResidual_ETS;DualResidual_EOM;DualResidual_REC;DualResidual_H2;DualResidual_H2CN_prod;DualResidual_H2CN_cap
1.0;10.335517790535581;0.0;1.1809264021415347;1.8906060906339568;0.9025629195380376;0.10263638162133677;0.9359507198651329;8.962192895655297;0.9038629498716437;8.770027257264916;1.7972193636748164;0.0774912966994727;1.1825826413783842
2.0;10.219276357528674;0.0;1.1775831463319393;1.8705523145461105;0.9254418621708798;0.09767961889438648;0.9389821134621981;9.339026250642162;1.0317125916191219;8.773505573242257;1.8094964285175843;0.0790964394143761;1.1580451343514973
