Iterations;PrimalResidual_ETS;PrimalResidual_MSR;PrimalResidual_EOM;PrimalResidual_REC;PrimalResidual_H2;PrimalResidual_H2CN_prod;PrimalResidual_H2CN_cap;DualResidual_ETS;DualResidual_EOM;DualResidual_REC;DualResidual_H2;DualResidual_H2CN_prod;DualResidual_H2CN_cap
1.0;11.29920142130874;0.0;1.1822964100031848;1.3843230439887513;1.229168046302639;0.014310876543967038;3.304557566265019;11.794884424794448;0.9814536189911123;8.871504136723232;2.3615928259855536;0.025214689930533843;3.4120617944855702
2.0;11.461828120188107;0.0;1.1790465235527168;1.3654851107098778;1.186601782397562;0.015827761584635395;3.312556211291294;10.957880545846702;0.9645731340843672;8.876317700751349;2.376007057808857;0.025213374094143485;3.3450533787326218
