Iterations;PrimalResidual_ETS;PrimalResidual_MSR;PrimalResidual_EOM;PrimalResidual_REC;PrimalResidual_H2;PrimalResidual_H2CN_prod;PrimalResidual_H2CN_cap;DualResidual_ETS;DualResidual_EOM;DualResidual_REC;DualResidual_H2;DualResidual_H2CN_prod;DualResidual_H2CN_cap
1.0;11.438262770553916;0.0;1.1829672726891183;1.9159290523661359;1.0000956839714004;0.1376749439986819;1.8773546534969945;10.803166603568162;0.9878035257703075;8.420956441523348;1.9589993015171627;0.1400973364341512;1.8697534575836359
2.0;11.30516392769382;0.0;1.1791649075361608;1.9090138002804866;1.2569150633378148;0.12627621153070545;1.8775015870204177;11.099986414259675;0.9527676552402093;8.424502644513218;1.9646226452338857;0.15507782916160856;1.9343097415562305
