Iterations;PrimalResidual_ETS;PrimalResidual_MSR;PrimalResidual_EOM;PrimalResidual_REC;PrimalResidual_H2;PrimalResidual_H2CN_prod;PrimalResidual_H2CN_cap;DualResidual_ETS;DualResidual_EOM;DualResidual_REC;DualResidual_H2;DualResidual_H2CN_prod;DualResidual_H2CN_cap
1.0;11.672799585596392;0.0;1.1825352512129639;1.860966496294528;0.9755693834476072;0.19659672971803852;2.031886473244513;7.792032695401284;1.0883525032203065;8.781555289692776;1.7680689369641427;0.28732195889959117;1.1091268388177697
2.0;11.585320934748559;0.0;1.1804298868168042;1.8967505471643196;0.9398952400663108;0.1992545484403151;2.0299748896817853;8.09134874253891;1.028586574058919;8.783837499496947;1.7896404363659408;0.28553277866456095;1.1467126996414378
