Iterations;PrimalResidual_ETS;PrimalResidual_MSR;PrimalResidual_EOM;PrimalResidual_REC;PrimalResidual_H2;PrimalResidual_H2CN_prod;PrimalResidual_H2CN_cap;DualResidual_ETS;DualResidual_EOM;DualResidual_REC;DualResidual_H2;DualResidual_H2CN_prod;DualResidual_H2CN_cap
1.0;9.718489917253278;0.0;1.180843816708941;1.835963578121436;0.9100781758836489;0.1130806803906222;0.01491774059313751;11.70185463751418;0.8448832185879595;8.752489140317149;1.7011013265643764;0.12294427376789176;0.030075467201122384
2.0;9.903459857349336;0.0;1.1764734810578923;1.8159248549842084;0.9035276515194623;0.11033901748596048;0.015577301328367427;10.661656899837821;0.9421420297995808;8.756674122442293;1.7156381259436302;0.11937087686871373;0.020074609004435216
