Iterations;PrimalResidual_ETS;PrimalResidual_MSR;PrimalResidual_EOM;PrimalResidual_REC;PrimalResidual_H2;PrimalResidual_H2CN_prod;PrimalResidual_H2CN_cap;DualResidual_ETS;DualResidual_EOM;DualResidual_REC;DualResidual_H2;DualResidual_H2CN_prod;DualResidual_H2CN_cap
1.0;11.002392140264746;0.0;1.1844199545470062;1.4008571544250512;1.1550624514893588;0.1408388076647961;6.070682378226505;10.801805976762783;0.7982671032133721;8.797354139620095;2.0070562272267174;0.15616083209204915;3.8776461353548837
2.0;10.858184698045674;0.0;1.180057908197501;1.3828936315140037;1.1900337089931252;0.1430957925833374;6.085591929568276;11.156346244373255;0.857138515920708;8.80064933801883;2.004880275303877;0.1596962219662858;3.8504904900695656
