Iterations;PrimalResidual_ETS;PrimalResidual_MSR;PrimalResidual_EOM;PrimalResidual_REC;PrimalResidual_H2;PrimalResidual_H2CN_prod;PrimalResidual_H2CN_cap;DualResidual_ETS;DualResidual_EOM;DualResidual_REC;DualResidual_H2;DualResidual_H2CN_prod;DualResidual_H2CN_cap
1.0;10.653866674162572;0.0;1.1817470647392483;1.4676495495199864;1.051260087636031;0.17654981357486724;3.260307409962487;9.338438249445556;0.876149146399012;8.859450612441584;2.0306653037422997;0.34432334159095335;1.755187764298791
2.0;10.512409163786586;0.0;1.1780089895673949;1.4502903317994549;1.0170931409044384;0.1755898310693337;3.2601164720946385;9.767364300608183;0.810496974396414;8.863122687100153;2.0387358859527787;0.3437808604199193;1.76032422972318
