Iterations;PrimalResidual_ETS;PrimalResidual_MSR;PrimalResidual_EOM;PrimalResidual_REC;PrimalResidual_H2;PrimalResidual_H2CN_prod;PrimalResidual_H2CN_cap;DualResidual_ETS;DualResidual_EOM;DualResidual_REC;DualResidual_H2;DualResidual_H2CN_prod;DualResidual_H2CN_cap
1.0;9.987299751268843;0.0;1.1833486703571814;1.6831245234390482;0.9923113342557623;0.09816034613765977;0.9862773858442367;10.515520963715879;0.8947937158077705;8.805235158240164;1.7594474220301357;0.09034761906310478;1.9101219841347268
2.0;10.067014430278872;0.0;1.179383467300682;1.6639409058388392;1.0275190743268412;0.0979123912435938;0.9910464071233743;10.551624341884473;0.9079127269442117;8.808846416457735;1.7738031636877358;0.08723561373808354;1.8965305670375308
