Iterations;PrimalResidual_ETS;PrimalResidual_MSR;PrimalResidual_EOM;PrimalResidual_REC;PrimalResidual_H2;PrimalResidual_H2CN_prod;PrimalResidual_H2CN_cap;DualResidual_ETS;DualResidual_EOM;DualResidual_REC;DualResidual_H2;DualResidual_H2CN_prod;DualResidual_H2CN_cap
1.0;16.527919512498038;0.0;1.0633079706818769;1.2903989626496792;1.1058198993190274;0.04682069326282915;0.0;9.582342058909061;0.9881826908175768;7.549660308167254;1.9903730369319448;0.032038508871560026;0.0
2.0;16.4568816373698;0.0;1.0606264214829986;1.3140688896991124;1.0780633162451678;0.03487284913753611;0.0;9.627542210601137;1.0312535342151028;7.564873190690882;1.9887159096668967;0.03155020098246096;0.0
