Iterations;PrimalResidual_ETS;PrimalResidual_MSR;PrimalResidual_EOM;PrimalResidual_REC;PrimalResidual_H2;PrimalResidual_H2CN_prod;PrimalResidual_H2CN_cap;DualResidual_ETS;DualResidual_EOM;DualResidual_REC;DualResidual_H2;DualResidual_H2CN_prod;DualResidual_H2CN_cap
1.0;10.540174668627802;0.0;1.1843330713770268;1.8759840966947106;0.9913326210372093;0.27740532861019296;6.497728400370141;12.605082820789235;0.7812672002665197;8.471624773746694;1.8028977528636725;0.031104783975687167;4.443957682489103
2.0;10.549839924221654;0.0;1.1806430324698944;1.8739762888967657;1.0754620204470189;0.23507517648612475;6.5038413876662355;12.193211540747784;0.8215986969829885;8.473334241767368;1.8104537608562608;0.030182437348910685;4.456855275184947
