Iterations;PrimalResidual_ETS;PrimalResidual_MSR;PrimalResidual_EOM;PrimalResidual_REC;PrimalResidual_H2;PrimalResidual_H2CN_prod;PrimalResidual_H2CN_cap;DualResidual_ETS;DualResidual_EOM;DualResidual_REC;DualResidual_H2;DualResidual_H2CN_prod;DualResidual_H2CN_cap
1.0;10.397256173143633;0.0;1.1846556242849289;1.7864038266644129;0.991894600584884;0.2858736281118124;5.140869237099956;8.688318718074584;0.8605188094372204;9.041772870464545;1.9529043606177656;0.46221615203544847;2.558203651505151
2.0;10.319139609188458;0.0;1.1807984064546349;1.8087751981872164;0.960738493627864;0.2627968002356326;4.866413134192596;8.878107400008869;1.0396795202074722;9.014246910008914;1.967945984137305;0.4613050668395292;2.751437112275175
