Iterations;PrimalResidual_ETS;PrimalResidual_MSR;PrimalResidual_EOM;PrimalResidual_REC;PrimalResidual_H2;PrimalResidual_H2CN_prod;PrimalResidual_H2CN_cap;DualResidual_ETS;DualResidual_EOM;DualResidual_REC;DualResidual_H2;DualResidual_H2CN_prod;DualResidual_H2CN_cap
1.0;11.92992584846096;0.0;1.1824523946888401;1.606614539727818;1.6198129251574707;0.1842253166238997;0.5021748982912017;7.210458877229134;0.8582860890832453;9.337055947122439;1.4828826711543184;0.1561028882597264;0.7237659930932978
2.0;11.913511931425004;0.0;1.1791868484607166;1.5869587710963458;2.44349853485423;0.18841228096749077;0.5002460469571727;7.222951082715036;0.9182008758625597;9.339808308139697;1.4594370454528534;0.15541709210470825;0.7138199630151449
