Iterations;PrimalResidual_ETS;PrimalResidual_MSR;PrimalResidual_EOM;PrimalResidual_REC;PrimalResidual_H2;PrimalResidual_H2CN_prod;PrimalResidual_H2CN_cap;DualResidual_ETS;DualResidual_EOM;DualResidual_REC;DualResidual_H2;DualResidual_H2CN_prod;DualResidual_H2CN_cap
1.0;12.036475473781275;0.0;1.1814133218435723;1.5876968566529295;0.969101997833477;0.2072567998380301;0.0;7.080430490433572;0.929415946229749;9.34477810149598;1.5665860976602912;0.1527975872946246;0.0
2.0;12.008063802807321;0.0;1.1787940833282948;1.5685545290692036;0.9499023644701182;0.20541708515130336;0.0;6.9004677334050335;0.7852615775749173;9.34767828633665;1.5870585674758226;0.15142969963140956;0.0
