Iterations;PrimalResidual_ETS;PrimalResidual_MSR;PrimalResidual_EOM;PrimalResidual_REC;PrimalResidual_H2;PrimalResidual_H2CN_prod;PrimalResidual_H2CN_cap;DualResidual_ETS;DualResidual_EOM;DualResidual_REC;DualResidual_H2;DualResidual_H2CN_prod;DualResidual_H2CN_cap
1.0;10.42448392899381;0.0;1.1830032507899295;1.6647212144964671;0.9782592888794769;0.17625013585963878;2.5015319134820326;8.652610657982764;0.7939988962948081;8.830751373647555;1.7396435465118056;0.33245967657305575;1.9326290081279756
2.0;10.342748162088547;0.0;1.1789422755793;1.6449206385347106;0.9592721939688954;0.1728348857675575;2.4945261944551937;9.041389323706547;0.9567270997150799;8.835483746932395;1.744014485028318;0.33395359689123244;1.8489692247969334
