Iterations;PrimalResidual_ETS;PrimalResidual_MSR;PrimalResidual_EOM;PrimalResidual_REC;PrimalResidual_H2;PrimalResidual_H2CN_prod;PrimalResidual_H2CN_cap;DualResidual_ETS;DualResidual_EOM;DualResidual_REC;DualResidual_H2;DualResidual_H2CN_prod;DualResidual_H2CN_cap
1.0;11.252113817570327;0.0;1.1818810115358307;1.7203844196371025;1.1308598535236392;0.1690643306526805;2.295633415725576;9.41825951421789;0.9953973058112441;8.828844448222416;2.0089747571778234;0.335990030248387;1.1890810954010071
2.0;11.08624630778829;0.0;1.1783992703436308;1.6982590501662804;1.1289866565091005;0.16784400714987294;2.3079184637459234;9.970488829238837;1.0251950247397401;8.83533818367784;2.0189882913588564;0.3414857302308667;1.181430892909456
