Iterations;PrimalResidual_ETS;PrimalResidual_MSR;PrimalResidual_EOM;PrimalResidual_REC;PrimalResidual_H2;PrimalResidual_H2CN_prod;PrimalResidual_H2CN_cap;DualResidual_ETS;DualResidual_EOM;DualResidual_REC;DualResidual_H2;DualResidual_H2CN_prod;DualResidual_H2CN_cap
1.0;16.669127465689794;0.0;1.1831718788473518;0.6413243872618895;0.9638216466905495;0.03640765022196086;0.0;8.173770768628188;0.9483599835011092;8.582690230042255;1.8156107659385412;0.029344090193284603;0.0
2.0;16.071635746807623;0.0;1.1797675307070135;0.6338740852210004;0.9027139062539333;0.036087373953601315;0.0;8.505670412101793;0.9355632615464431;8.586480228888444;1.8225108386010076;0.02745837906283519;0.0
