Iterations;PrimalResidual_ETS;PrimalResidual_MSR;PrimalResidual_EOM;PrimalResidual_REC;PrimalResidual_H2;PrimalResidual_H2CN_prod;PrimalResidual_H2CN_cap;DualResidual_ETS;DualResidual_EOM;DualResidual_REC;DualResidual_H2;DualResidual_H2CN_prod;DualResidual_H2CN_cap
1.0;15.428868240631576;0.0;1.182627000463423;1.2288297122178913;4.714946778728173;0.0;0.00021465355889516778;8.262104890765768;0.7881689125289109;7.629575017866577;1.4577877318601742;0.0;0.0004366335247962992
2.0;15.356698924636069;0.0;1.179319600318332;1.1789836614674438;5.808983017830338;0.0;0.00022401832970062383;7.761633485661304;0.8609741976069151;7.6343701657417045;1.4143372662741132;0.0;0.0002850401179672878
