Iterations;PrimalResidual_ETS;PrimalResidual_MSR;PrimalResidual_EOM;PrimalResidual_REC;PrimalResidual_H2;PrimalResidual_H2CN_prod;PrimalResidual_H2CN_cap;DualResidual_ETS;DualResidual_EOM;DualResidual_REC;DualResidual_H2;DualResidual_H2CN_prod;DualResidual_H2CN_cap
1.0;10.72556459167527;0.0;1.1815890722968336;1.956537683527427;0.9086225043565003;0.154024432429092;0.015064017563719943;7.444471238961173;0.8089157950467871;8.732009956715792;1.682934524322598;0.16491272045936656;0.006229230520477361
2.0;10.661527736848424;0.0;1.1780668185589827;1.973327436957678;0.8850214905747397;0.16507212433208762;0.01420840400385143;7.668448834413981;0.922204445582989;8.73472114736861;1.6947177922943524;0.16430373136093188;0.028645853176253115
