Iterations;PrimalResidual_ETS;PrimalResidual_MSR;PrimalResidual_EOM;PrimalResidual_REC;PrimalResidual_H2;PrimalResidual_H2CN_prod;PrimalResidual_H2CN_cap;DualResidual_ETS;DualResidual_EOM;DualResidual_REC;DualResidual_H2;DualResidual_H2CN_prod;DualResidual_H2CN_cap
1.0;10.602889324505473;0.0;1.1843893063658595;1.9123280412355856;1.1486199006083895;0.20435347585436633;2.70181726797957;8.415877502173604;0.8766987360285762;8.826514387755749;2.0312357276645074;0.40813275961770257;1.437118030872275
2.0;10.522041419469808;0.0;1.1782620576571188;1.8908084668124574;1.127429726809461;0.19893155193247025;2.7157476861316847;8.666742861238111;0.9279224455368464;8.834374652684838;2.047771430284101;0.41430640854550455;1.4523747256487562
