Iterations;PrimalResidual_ETS;PrimalResidual_MSR;PrimalResidual_EOM;PrimalResidual_REC;PrimalResidual_H2;PrimalResidual_H2CN_prod;PrimalResidual_H2CN_cap;DualResidual_ETS;DualResidual_EOM;DualResidual_REC;DualResidual_H2;DualResidual_H2CN_prod;DualResidual_H2CN_cap
1.0;10.087520614989371;0.0;1.1812988648519804;1.966063482636232;1.1480301113727835;0.24186420207429626;6.373141127225711;11.631714415341204;0.9053983282116181;8.80807983654549;2.045449769803886;0.2788255486034855;3.300806192022128
2.0;9.925892612176378;0.0;1.178080937303949;1.976093742346768;1.178418246656956;0.2479384737766263;6.379329712665258;12.033373843222021;0.9556935718114477;8.810042097834575;2.0451013666530438;0.2781582661225342;3.325007327112455
