Iterations;PrimalResidual_ETS;PrimalResidual_MSR;PrimalResidual_EOM;PrimalResidual_REC;PrimalResidual_H2;PrimalResidual_H2CN_prod;PrimalResidual_H2CN_cap;DualResidual_ETS;DualResidual_EOM;DualResidual_REC;DualResidual_H2;DualResidual_H2CN_prod;DualResidual_H2CN_cap
1.0;11.951932798012127;0.0;1.1846271525844747;1.9118307687399458;1.3741982688697414;0.1347313423360415;3.927664185383078;10.411933330979945;0.9735484925696423;8.458147930380148;2.2509419744046912;0.03279311353791183;2.5287738946606204
2.0;11.788210260889858;0.0;1.179478731994462;1.9127483388404953;1.3152058262723658;0.11535575373149977;3.937346903077483;10.85940783259675;0.7929460341461709;8.4627300184879;2.2684466621429173;0.0334443639870023;2.4748996192586894
