Iterations;PrimalResidual_ETS;PrimalResidual_MSR;PrimalResidual_EOM;PrimalResidual_REC;PrimalResidual_H2;PrimalResidual_H2CN_prod;PrimalResidual_H2CN_cap;DualResidual_ETS;DualResidual_EOM;DualResidual_REC;DualResidual_H2;DualResidual_H2CN_prod;DualResidual_H2CN_cap
1.0;10.426161409391726;0.0;1.1821589035600506;1.506740234331974;1.008553641354065;0.11719718513392229;6.023446069046684;10.943472007807959;0.7807788787184159;8.80124081050141;2.0007291381296604;0.20568596038378445;3.1019250858505427
2.0;10.275592573001491;0.0;1.179585848843106;1.4893563690238072;1.002434207634104;0.11635309856042798;6.0272143628608825;11.229592169337595;0.8161286424915731;8.804850083594394;2.001881564486478;0.2084226757337558;3.105349418100627
