Iterations;PrimalResidual_ETS;PrimalResidual_MSR;PrimalResidual_EOM;PrimalResidual_REC;PrimalResidual_H2;PrimalResidual_H2CN_prod;PrimalResidual_H2CN_cap;DualResidual_ETS;DualResidual_EOM;DualResidual_REC;DualResidual_H2;DualResidual_H2CN_prod;DualResidual_H2CN_cap
1.0;16.741695895553644;0.0;1.1847979234726316;1.3813870302705817;1.1658354761002656;0.09535939964360245;0.0;8.121363446924294;0.9220830304583788;7.8845326200105745;1.796260574422856;0.03169250245370276;0.0
2.0;16.061157237471203;0.0;1.1806280699263916;1.4292190979383588;1.1444776575699507;0.07740295717713072;0.0;8.572064625448453;0.9391238257436851;7.881039073283334;1.800762992349674;0.03475540358132958;0.0
