Iterations;PrimalResidual_ETS;PrimalResidual_MSR;PrimalResidual_EOM;PrimalResidual_REC;PrimalResidual_H2;PrimalResidual_H2CN_prod;PrimalResidual_H2CN_cap;DualResidual_ETS;DualResidual_EOM;DualResidual_REC;DualResidual_H2;DualResidual_H2CN_prod;DualResidual_H2CN_cap
1.0;10.141763519153288;0.0;1.1854641237011145;1.4611500106716686;3.908662826869068;0.08317762562096136;5.3332818204936;11.523403034069947;0.7795309544561523;8.793578342438256;2.0102507777919625;0.10333006604166049;3.827305521772139
2.0;10.225323267133117;0.0;1.1806380323360646;1.4424699714797289;3.2224747582914035;0.10181518307157544;5.3349266656947485;10.789356799718226;0.833928392724827;8.796691878604653;2.0149205382116824;0.10762817268551673;3.7980389378948565
