Iterations;PrimalResidual_ETS;PrimalResidual_MSR;PrimalResidual_EOM;PrimalResidual_REC;PrimalResidual_H2;PrimalResidual_H2CN_prod;PrimalResidual_H2CN_cap;DualResidual_ETS;DualResidual_EOM;DualResidual_REC;DualResidual_H2;DualResidual_H2CN_prod;DualResidual_H2CN_cap
1.0;10.709225474161874;0.0;1.1819484825290316;1.8531456176304244;1.101416916644421;0.2110659926502209;2.752586353792787;7.637261180173826;0.9051981272244104;8.813474000049377;1.9082060077594658;0.41081137543399837;1.4241800152159747
2.0;10.649281978216637;0.0;1.1787092670805317;1.8900250282641546;1.0997333823522546;0.22351259008409016;2.7669432595014136;7.895335379879767;0.9580198298811782;8.816450332223264;1.917799731086334;0.4173547451377926;1.399913088759385
