Iterations;PrimalResidual_ETS;PrimalResidual_MSR;PrimalResidual_EOM;PrimalResidual_REC;PrimalResidual_H2;PrimalResidual_H2CN_prod;PrimalResidual_H2CN_cap;DualResidual_ETS;DualResidual_EOM;DualResidual_REC;DualResidual_H2;DualResidual_H2CN_prod;DualResidual_H2CN_cap
1.0;10.250385527359896;0.0;1.1813460256594939;1.6174444671943038;1.1831539005202636;0.1727900588122282;2.538533697423513;10.565585551641743;1.0054959153834906;8.843393040762958;2.0075536806294574;0.3352944255745571;1.5106062325462593
2.0;10.099921456414759;0.0;1.178253406929506;1.5971746841766743;1.2237185297878719;0.17281494394195523;2.491183151142366;11.153686573756593;0.9195249106355021;8.848501190772271;2.0089530193534086;0.338930071596775;1.351454521413785
