Iterations;PrimalResidual_ETS;PrimalResidual_MSR;PrimalResidual_EOM;PrimalResidual_REC;PrimalResidual_H2;PrimalResidual_H2CN_prod;PrimalResidual_H2CN_cap;DualResidual_ETS;DualResidual_EOM;DualResidual_REC;DualResidual_H2;DualResidual_H2CN_prod;DualResidual_H2CN_cap
1.0;10.882704781057429;0.0;1.181566746609963;1.9172628186358298;0.8848803156515463;0.27361886726548296;1.4829958524705156;6.788775547499289;0.8602029042194042;8.797443435075426;1.5649329199767508;0.2344381029317199;0.7656314511557231
2.0;10.86491494819752;0.0;1.1803731636557155;1.8967629797425702;0.8800487878017936;0.2531046980641132;1.480442927985583;6.759654618029747;0.7707938664776335;8.800143546074858;1.580978966263846;0.23081930018966118;0.7520648831350649
