Iterations;PrimalResidual_ETS;PrimalResidual_MSR;PrimalResidual_EOM;PrimalResidual_REC;PrimalResidual_H2;PrimalResidual_H2CN_prod;PrimalResidual_H2CN_cap;DualResidual_ETS;DualResidual_EOM;DualResidual_REC;DualResidual_H2;DualResidual_H2CN_prod;DualResidual_H2CN_cap
1.0;11.529857285652355;0.0;1.181917557643162;1.9853632274995587;0.9359538235885057;0.21182468845172178;2.3824879754472446;8.576272056422328;1.0450679369540081;8.783672874475487;1.8675619214715025;0.40737569476133284;1.329507341674338
2.0;11.426794728572347;0.0;1.177595007538271;1.9748145603953031;0.8734237963600792;0.19925334489110846;2.330210335661366;8.798219563365054;1.1605822259071028;8.789091912116344;1.8862092257500636;0.4095794354209544;1.1524321420409716
