Iterations;PrimalResidual_ETS;PrimalResidual_MSR;PrimalResidual_EOM;PrimalResidual_REC;PrimalResidual_H2;PrimalResidual_H2CN_prod;PrimalResidual_H2CN_cap;DualResidual_ETS;DualResidual_EOM;DualResidual_REC;DualResidual_H2;DualResidual_H2CN_prod;DualResidual_H2CN_cap
1.0;16.65564152350311;0.0;1.1829023617185659;0.6265736929504372;1.0244969489198135;0.011539999550175335;0.0;8.187836733158253;0.9495738191769413;8.588700156086844;1.8089749485089632;0.025588285412663527;0.0
2.0;16.03355143214335;0.0;1.1792462166724444;0.6193135222438052;1.0347846306424526;0.011264572468573429;0.0;8.548206512951502;0.9296784644626711;8.592229512423462;1.8180744128267177;0.02464873083744983;0.0
