Iterations;PrimalResidual_ETS;PrimalResidual_MSR;PrimalResidual_EOM;PrimalResidual_REC;PrimalResidual_H2;PrimalResidual_H2CN_prod;PrimalResidual_H2CN_cap;DualResidual_ETS;DualResidual_EOM;DualResidual_REC;DualResidual_H2;DualResidual_H2CN_prod;DualResidual_H2CN_cap
1.0;15.428868453991708;0.0;1.1826276219688727;1.2288385710775567;4.714939326041262;0.0;0.000199321163538623;8.262117783959406;0.7881795801458796;7.629575096954144;1.4577881458631823;0.0;0.00040544535499939684
2.0;15.356702931909581;0.0;1.1793192834702966;1.1789926717099268;5.808973380156605;0.0;0.0002080170213880495;7.761623745878594;0.8609810361774521;7.634376907823507;1.4143407257769525;0.0;0.00026468008658582065
