Iterations;PrimalResidual_ETS;PrimalResidual_MSR;PrimalResidual_EOM;PrimalResidual_REC;PrimalResidual_H2;PrimalResidual_H2CN_prod;PrimalResidual_H2CN_cap;DualResidual_ETS;DualResidual_EOM;DualResidual_REC;DualResidual_H2;DualResidual_H2CN_prod;DualResidual_H2CN_cap
1.0;12.055669717430431;0.0;1.1833086590522326;0.5657892846676155;1.2381233042857605;0.0;2.2059335873562023;11.428044508394057;1.0503813680392247;8.185805364989132;2.402157805361237;0.0;1.3459338862932346
2.0;11.879570784001702;0.0;1.1792355366497098;0.5592666269330422;1.3008865582459574;0.0;2.187118715608647;11.92661242145431;1.0193595673757514;8.188779092983276;2.411648331526364;0.0;1.4178970915764877
