Iterations;PrimalResidual_ETS;PrimalResidual_MSR;PrimalResidual_EOM;PrimalResidual_REC;PrimalResidual_H2;PrimalResidual_H2CN_prod;PrimalResidual_H2CN_cap;DualResidual_ETS;DualResidual_EOM;DualResidual_REC;DualResidual_H2;DualResidual_H2CN_prod;DualResidual_H2CN_cap
1.0;10.797730210861596;0.0;1.184960500041942;1.821446944640377;1.3186231893602622;0.3344473153114202;5.395073597441078;10.257782650305659;0.9017949613251279;9.007673012807961;2.1020613505961716;0.4014951536641187;2.7921608443725523
2.0;10.626371273758727;0.0;1.1806410263515426;1.798980119649707;1.255908995651038;0.3040254666631604;5.394507246439275;10.789476274462722;0.9374947235652458;9.007869211898544;2.1078678040340173;0.39855310615178513;2.7878321748425967
