Iterations;PrimalResidual_ETS;PrimalResidual_MSR;PrimalResidual_EOM;PrimalResidual_REC;PrimalResidual_H2;PrimalResidual_H2CN_prod;PrimalResidual_H2CN_cap;DualResidual_ETS;DualResidual_EOM;DualResidual_REC;DualResidual_H2;DualResidual_H2CN_prod;DualResidual_H2CN_cap
1.0;15.428866301503803;0.0;1.1826284479882456;1.228831203012063;4.714919272557581;0.0;0.000137991593622846;8.262122950981261;0.7881787794505014;7.629574328381045;1.4577880073928633;0.0;0.00028069233361356676
2.0;15.35669877492474;0.0;1.1793203760158042;1.1789899411669558;5.808963666122872;0.0;0.0001440117958300553;7.761630344070461;0.8609886167567818;7.634374176906431;1.4143391846110422;0.0;0.0001832398436900029
