Iterations;PrimalResidual_ETS;PrimalResidual_MSR;PrimalResidual_EOM;PrimalResidual_REC;PrimalResidual_H2;PrimalResidual_H2CN_prod;PrimalResidual_H2CN_cap;DualResidual_ETS;DualResidual_EOM;DualResidual_REC;DualResidual_H2;DualResidual_H2CN_prod;DualResidual_H2CN_cap
1.0;11.366312701002245;0.0;1.1828928922014372;1.921929638714448;2.7864462670655175;0.6355029017423366;4.361378807944786;8.489309941014184;1.0768365575657617;8.959397558123698;1.9529480271695807;0.36594956432419107;2.6848800404442796
2.0;11.26674154498914;0.0;1.1806656098834205;1.9229751324412074;2.2542609486900154;0.6101146124836294;4.367816188093451;8.79254755653383;1.054419263566521;8.963872619527896;1.9709740618519656;0.36648142459657096;2.6305956507226833
