Iterations;PrimalResidual_ETS;PrimalResidual_MSR;PrimalResidual_EOM;PrimalResidual_REC;PrimalResidual_H2;PrimalResidual_H2CN_prod;PrimalResidual_H2CN_cap;DualResidual_ETS;DualResidual_EOM;DualResidual_REC;DualResidual_H2;DualResidual_H2CN_prod;DualResidual_H2CN_cap
1.0;9.537804249360432;0.0;1.1809966640055465;1.5611199973188943;1.203339712375444;0.19626441031129468;7.203034310707046;12.803368105195355;0.9645411840903603;8.872270005338429;1.9140027415727479;0.27941575555382603;3.6703485160962166
2.0;9.505642487559022;0.0;1.1800569048744858;1.5414322897002157;1.2150965693365756;0.18687192032347247;7.206559560022428;12.854534495722664;0.9305988041325999;8.87382399488056;1.9105506216199337;0.2783782463796226;3.6742543754512056
