Iterations;PrimalResidual_ETS;PrimalResidual_MSR;PrimalResidual_EOM;PrimalResidual_REC;PrimalResidual_H2;PrimalResidual_H2CN_prod;PrimalResidual_H2CN_cap;DualResidual_ETS;DualResidual_EOM;DualResidual_REC;DualResidual_H2;DualResidual_H2CN_prod;DualResidual_H2CN_cap
1.0;16.119610244659324;0.0;1.181258346684972;0.6808674635763359;0.9633637218707295;0.09177215700910883;0.0;8.680884765438075;0.9362103833602511;8.609169203166221;1.8097424432150353;0.3509911410531854;0.0
2.0;15.843638701454822;0.0;1.1785572571816556;0.6747730679189472;0.8498526789410008;0.017190902631634322;0.0;8.755054078628898;0.9440958544607577;8.600279088024438;1.8182991076264947;0.13326913451494748;0.0
