Iterations;PrimalResidual_ETS;PrimalResidual_MSR;PrimalResidual_EOM;PrimalResidual_REC;PrimalResidual_H2;PrimalResidual_H2CN_prod;PrimalResidual_H2CN_cap;DualResidual_ETS;DualResidual_EOM;DualResidual_REC;DualResidual_H2;DualResidual_H2CN_prod;DualResidual_H2CN_cap
1.0;9.491077241473805;0.0;1.184043575843661;0.5376516472218514;1.2178480491443342;0.0;1.7463434855569677;13.779484170915627;0.9079896049280474;8.49907950092331;2.203825630981072;0.0;0.9170873856562443
2.0;9.363075087076389;0.0;1.180789580117491;0.5330781935400848;1.1123163627223513;0.0;1.7484529036893333;14.26612776507485;0.9315714651606943;8.50595767313552;2.2137467468035106;0.0;0.911761745989764
