Iterations;PrimalResidual_ETS;PrimalResidual_MSR;PrimalResidual_EOM;PrimalResidual_REC;PrimalResidual_H2;PrimalResidual_H2CN_prod;PrimalResidual_H2CN_cap;DualResidual_ETS;DualResidual_EOM;DualResidual_REC;DualResidual_H2;DualResidual_H2CN_prod;DualResidual_H2CN_cap
1.0;10.330175266630617;0.0;1.1817982254414994;1.4792747972609253;0.9300496248409091;0.06176402334466088;0.0;10.19416193199306;0.8766081361934693;8.786131994137515;1.6391336400531287;0.11813355012267038;0.0
2.0;10.185414265729504;0.0;1.1796443137327193;1.4613168470594766;0.9029944560766463;0.06364383098417761;0.0;10.741827259201184;0.7070925354012606;8.7891971187142;1.6460319096577933;0.11898707110602383;0.0
