Iterations;PrimalResidual_ETS;PrimalResidual_MSR;PrimalResidual_EOM;PrimalResidual_REC;PrimalResidual_H2;PrimalResidual_H2CN_prod;PrimalResidual_H2CN_cap;DualResidual_ETS;DualResidual_EOM;DualResidual_REC;DualResidual_H2;DualResidual_H2CN_prod;DualResidual_H2CN_cap
1.0;9.882449532464301;0.0;1.181783206631962;1.967864925891366;0.9267186965143962;0.14176145255398773;0.13093224888376756;10.15542046686472;0.8755681634585372;8.75154874238983;1.7507199198549714;0.12864806000482845;0.15720631520410958
2.0;9.776141417723126;0.0;1.1786272667611553;1.956594984392225;0.9514281424180411;0.1393981958187119;0.1312558290229602;10.450795368766581;0.9865331678413335;8.755743966980893;1.7649262936844983;0.12926242732910428;0.14921527456182215
