Iterations;PrimalResidual_ETS;PrimalResidual_MSR;PrimalResidual_EOM;PrimalResidual_REC;PrimalResidual_H2;PrimalResidual_H2CN_prod;PrimalResidual_H2CN_cap;DualResidual_ETS;DualResidual_EOM;DualResidual_REC;DualResidual_H2;DualResidual_H2CN_prod;DualResidual_H2CN_cap
1.0;9.172132136451767;0.0;1.183144980509229;1.9031280343622339;1.2112602937446362;0.26725232147273914;5.716267240990324;12.039193230636599;0.7838921933684306;8.854461657515932;1.8443118790388822;0.33797207577016564;3.511559633449153
2.0;9.201555813413487;0.0;1.1790647783959243;1.9108327710708262;1.21219433150078;0.2841981253515744;5.725719643988525;11.556390501992086;0.842531130326262;8.85458508536036;1.8327564799882874;0.33423960356937055;3.5180867369044164
