Iterations;PrimalResidual_ETS;PrimalResidual_MSR;PrimalResidual_EOM;PrimalResidual_REC;PrimalResidual_H2;PrimalResidual_H2CN_prod;PrimalResidual_H2CN_cap;DualResidual_ETS;DualResidual_EOM;DualResidual_REC;DualResidual_H2;DualResidual_H2CN_prod;DualResidual_H2CN_cap
1.0;10.881429699546329;0.0;1.1824271380565219;1.5072288109747292;1.084944246195758;0.178552652025513;2.198625806954689;8.467132130744458;0.9377665931844841;8.855837774444442;1.8983043816628464;0.3214308406949773;1.1534640362063078
2.0;10.803197141207582;0.0;1.1793712372221647;1.4891591993635915;1.039971990514183;0.18176531105568003;2.1933686535366093;8.730889056297013;0.9686290568043233;8.859814041024421;1.903563389306802;0.3215996053577065;1.1267251536419933
