Iterations;PrimalResidual_ETS;PrimalResidual_MSR;PrimalResidual_EOM;PrimalResidual_REC;PrimalResidual_H2;PrimalResidual_H2CN_prod;PrimalResidual_H2CN_cap;DualResidual_ETS;DualResidual_EOM;DualResidual_REC;DualResidual_H2;DualResidual_H2CN_prod;DualResidual_H2CN_cap
1.0;16.66386500528575;0.0;1.182811034991838;0.6116291699276614;1.0654011084351103;0.011724022463711173;0.0;8.175489773847476;0.9441080857246964;8.58705509595764;1.795442869987843;0.02364603123257335;0.0
2.0;16.038684983601758;0.0;1.17891815804524;0.6043465843195521;1.0669144086407758;0.01173813493941703;0.0;8.540110964555629;0.9280463660605968;8.591032320053152;1.8057064591218805;0.022676563112090757;0.0
