Iterations;PrimalResidual_ETS;PrimalResidual_MSR;PrimalResidual_EOM;PrimalResidual_REC;PrimalResidual_H2;PrimalResidual_H2CN_prod;PrimalResidual_H2CN_cap;DualResidual_ETS;DualResidual_EOM;DualResidual_REC;DualResidual_H2;DualResidual_H2CN_prod;DualResidual_H2CN_cap
1.0;10.991645267252498;0.0;1.1813146271308288;1.5776907188432137;0.9402011936142092;0.18434377063869198;0.017305131292890616;6.844937964064955;0.7776565429144713;8.85406162055346;1.4514425199307441;0.16341238766557373;0.022296190277101308
2.0;10.944206864242776;0.0;1.1779922734870052;1.6697432718067813;0.9289682241859797;0.2694451172255193;0.01754332809295649;6.939060258577154;0.7257978409126304;8.843120788025331;1.4661279238746778;0.1633060187139884;0.007250029330476696
