Iterations;PrimalResidual_ETS;PrimalResidual_MSR;PrimalResidual_EOM;PrimalResidual_REC;PrimalResidual_H2;PrimalResidual_H2CN_prod;PrimalResidual_H2CN_cap;DualResidual_ETS;DualResidual_EOM;DualResidual_REC;DualResidual_H2;DualResidual_H2CN_prod;DualResidual_H2CN_cap
1.0;10.066629130586676;0.0;1.1811448451569622;1.9685181649414927;1.0722264474798247;0.20450199318579232;6.094958671282076;11.639693876088472;0.9197517703500807;8.775822587032502;1.9763916651499558;0.2681863821812573;3.3614866682657123
2.0;9.908460918144868;0.0;1.17837067013282;1.951184662235344;1.0571802454901453;0.19997835193015467;6.106502898410377;12.00617715664913;0.9684080143860955;8.777361222115758;1.984169039638393;0.266657830626744;3.3713418098432495
