Iterations;PrimalResidual_ETS;PrimalResidual_MSR;PrimalResidual_EOM;PrimalResidual_REC;PrimalResidual_H2;PrimalResidual_H2CN_prod;PrimalResidual_H2CN_cap;DualResidual_ETS;DualResidual_EOM;DualResidual_REC;DualResidual_H2;DualResidual_H2CN_prod;DualResidual_H2CN_cap
1.0;10.430038318499285;0.0;1.1824229651835059;1.8965053063774673;0.7957385293809679;0.1373306301128269;0.0;9.063360171912647;0.9004646847156669;8.760811013288059;1.613732054293092;0.1705606160384245;0.0
2.0;10.26235845382102;0.0;1.1792457459881356;1.9092940779231933;0.8872372926756208;0.14406360245783775;0.0;9.61258610603323;0.9114205774665665;8.764043944820243;1.624419411395623;0.17192710730820068;0.0
