Iterations;PrimalResidual_ETS;PrimalResidual_MSR;PrimalResidual_EOM;PrimalResidual_REC;PrimalResidual_H2;PrimalResidual_H2CN_prod;PrimalResidual_H2CN_cap;DualResidual_ETS;DualResidual_EOM;DualResidual_REC;DualResidual_H2;DualResidual_H2CN_prod;DualResidual_H2CN_cap
1.0;10.96131813386955;0.0;1.1809735947276516;1.9783699699347317;0.8574606951658892;0.41776734231978063;1.8138969803877811;7.010809322995134;0.8103759173512988;8.773549288700414;1.5966702629637726;0.23197873978021769;0.8892669564345002
2.0;10.92371851162985;0.0;1.1791314520877259;1.9867105541383527;0.8584205781073805;0.3974170848335369;1.7206176384150234;7.021598559459887;0.8582911526031122;8.775500709338884;1.610122786315609;0.2325128224727809;0.8861454501623027
