Iterations;PrimalResidual_ETS;PrimalResidual_MSR;PrimalResidual_EOM;PrimalResidual_REC;PrimalResidual_H2;PrimalResidual_H2CN_prod;PrimalResidual_H2CN_cap;DualResidual_ETS;DualResidual_EOM;DualResidual_REC;DualResidual_H2;DualResidual_H2CN_prod;DualResidual_H2CN_cap
1.0;10.400448947230597;0.0;1.1814007119767826;1.359594707287656;1.067369917597135;0.10457798508598622;6.722663613353776;11.045595678564247;0.7427911120235787;8.806948465900295;1.9764869883315515;0.15974895343374015;3.3841487159556287
2.0;10.337625855381315;0.0;1.178557633253998;1.3443465756597117;1.099558719376104;0.1050535682281548;6.722245781424589;11.174867193867312;0.8180631020451729;8.810359832882174;1.9730107201407985;0.1607093960702252;3.3882874583301326
