Iterations;PrimalResidual_ETS;PrimalResidual_MSR;PrimalResidual_EOM;PrimalResidual_REC;PrimalResidual_H2;PrimalResidual_H2CN_prod;PrimalResidual_H2CN_cap;DualResidual_ETS;DualResidual_EOM;DualResidual_REC;DualResidual_H2;DualResidual_H2CN_prod;DualResidual_H2CN_cap
1.0;10.415140737855545;0.0;1.182619357604006;1.6920137617625077;0.9511805540050121;0.10231685842746865;1.1612713529401022;8.671612208907698;0.7471932438344686;8.773546646511642;1.800668215073574;0.12587438400442347;1.1095306534050882
2.0;10.325727667464147;0.0;1.1779807054630993;1.6723864511594686;0.9297665069034726;0.10160629705274501;1.1558983725112828;8.917726765908547;0.962359519712489;8.77707527372784;1.8138440686868136;0.12388749724618721;1.1468411674518924
