Iterations;PrimalResidual_ETS;PrimalResidual_MSR;PrimalResidual_EOM;PrimalResidual_REC;PrimalResidual_H2;PrimalResidual_H2CN_prod;PrimalResidual_H2CN_cap;DualResidual_ETS;DualResidual_EOM;DualResidual_REC;DualResidual_H2;DualResidual_H2CN_prod;DualResidual_H2CN_cap
1.0;9.900302392028442;0.0;1.1821690634944708;1.974853618872252;0.9157048519196721;0.1549790113688862;0.01464701014935706;10.141075254872217;0.8632822254517626;8.750682846339947;1.7312721179573172;0.14831672502828455;0.029530072851620633
2.0;9.790379214491852;0.0;1.1792541988263319;1.9628400030923812;0.9405857587666558;0.15297600818125429;0.015294587223499955;10.375175050663946;0.9675039034122941;8.75482014454244;1.7447758325537401;0.14752692965984274;0.01970987035651552
