Iterations;PrimalResidual_ETS;PrimalResidual_MSR;PrimalResidual_EOM;PrimalResidual_REC;PrimalResidual_H2;PrimalResidual_H2CN_prod;PrimalResidual_H2CN_cap;DualResidual_ETS;DualResidual_EOM;DualResidual_REC;DualResidual_H2;DualResidual_H2CN_prod;DualResidual_H2CN_cap
1.0;9.93407188087666;0.0;1.1820537507931186;1.412553312588663;0.8943107993295353;0.11405672545352248;0.5783802963418887;11.438672810380153;0.8771043099648487;8.82405774897613;1.7069204392978983;0.1727490604767591;0.48014661981756346
2.0;9.791488864999824;0.0;1.1785051053365636;1.3964780967458335;0.9498240972817866;0.11629234924834289;0.5744584524630895;11.844710349819437;0.8588843905749679;8.826370662477707;1.7208831058652239;0.1707789032342094;0.4885822020911344
