Iterations;PrimalResidual_ETS;PrimalResidual_MSR;PrimalResidual_EOM;PrimalResidual_REC;PrimalResidual_H2;PrimalResidual_H2CN_prod;PrimalResidual_H2CN_cap;DualResidual_ETS;DualResidual_EOM;DualResidual_REC;DualResidual_H2;DualResidual_H2CN_prod;DualResidual_H2CN_cap
1.0;9.664387743794645;0.0;1.1836808824720717;1.4902726047005228;3.5696409802353153;0.12993011616752245;5.613666665342605;11.441614017629513;0.7649902148255088;8.831224676857182;1.8989032838980175;0.2536091816005439;3.0789740294410985
2.0;9.73595278220544;0.0;1.1795469093634898;1.471261280309848;4.072998119956154;0.13487476949223304;5.619813353721568;10.767623601539213;0.8169851513861884;8.83488672474673;1.8881424829907256;0.25488611253046733;3.051577746269022
