Iterations;PrimalResidual_ETS;PrimalResidual_MSR;PrimalResidual_EOM;PrimalResidual_REC;PrimalResidual_H2;PrimalResidual_H2CN_prod;PrimalResidual_H2CN_cap;DualResidual_ETS;DualResidual_EOM;DualResidual_REC;DualResidual_H2;DualResidual_H2CN_prod;DualResidual_H2CN_cap
1.0;10.444970033003596;0.0;1.1833062049194552;1.908478718601868;1.0813761431115758;0.20066719290582877;5.601855182813927;11.537927200747651;0.987665804670977;8.834249979581834;2.1106678225669455;0.3581420596705448;2.9923451605735654
2.0;10.606683661047322;0.0;1.1802830790187735;1.8908875658758348;1.0674495549497363;0.18773063456134506;5.592224293347605;10.66336806303609;0.9309264188940184;8.838843976156141;2.1184199279576976;0.3600586505537719;2.971015035067934
