Iterations;PrimalResidual_ETS;PrimalResidual_MSR;PrimalResidual_EOM;PrimalResidual_REC;PrimalResidual_H2;PrimalResidual_H2CN_prod;PrimalResidual_H2CN_cap;DualResidual_ETS;DualResidual_EOM;DualResidual_REC;DualResidual_H2;DualResidual_H2CN_prod;DualResidual_H2CN_cap
1.0;11.873688074704306;0.0;1.181734662453532;1.5247853120867467;0.8970797960717141;0.18755028572639232;0.017756955143548442;6.881608403512906;0.9371282075415795;8.874324307107871;1.6276048478961076;0.15438727412792547;0.007338447294144673
2.0;11.824849292759486;0.0;1.1779793321498842;1.6229712174111828;0.8866267981906704;0.247013837205618;0.01674825509125684;6.9452216119858505;0.8830566651582167;8.860873042969276;1.648272341153757;0.15506788678160147;0.033771168675491355
