Iterations;PrimalResidual_ETS;PrimalResidual_MSR;PrimalResidual_EOM;PrimalResidual_REC;PrimalResidual_H2;PrimalResidual_H2CN_prod;PrimalResidual_H2CN_cap;DualResidual_ETS;DualResidual_EOM;DualResidual_REC;DualResidual_H2;DualResidual_H2CN_prod;DualResidual_H2CN_cap
1.0;16.074124885054676;0.0;1.1836208936779873;0.6625843435075426;4.908566720182497;0.017357505757389823;0.0;7.9280232479343535;0.7433181509191278;8.599806839848302;1.4023964881476247;0.03757554929178347;0.0
2.0;15.467973285765304;0.0;1.180390556464401;0.6554110339599014;3.8313419715402737;0.009426708327334022;0.0;7.949627569719788;0.9152163018127646;8.603281726812897;1.418237242251531;0.04474374844393193;0.0
