Iterations;PrimalResidual_ETS;PrimalResidual_MSR;PrimalResidual_EOM;PrimalResidual_REC;PrimalResidual_H2;PrimalResidual_H2CN_prod;PrimalResidual_H2CN_cap;DualResidual_ETS;DualResidual_EOM;DualResidual_REC;DualResidual_H2;DualResidual_H2CN_prod;DualResidual_H2CN_cap
1.0;10.67151521780948;0.0;1.180924640287103;1.9254252246003485;0.8401064386157033;0.19769453578609802;1.840806444808212;7.852826707499521;0.923799732385518;8.74750879942989;1.6656271744125335;0.19258895061499068;1.2566206520470378
2.0;10.600234213080961;0.0;1.1769993631500093;1.907500464966082;0.8527805011224641;0.1909349990004182;1.8325381995584238;8.074675065538399;0.839168179593467;8.716809633897707;1.6762494889712019;0.19058059195519345;1.282510826305343
