Iterations;PrimalResidual_ETS;PrimalResidual_MSR;PrimalResidual_EOM;PrimalResidual_REC;PrimalResidual_H2;PrimalResidual_H2CN_prod;PrimalResidual_H2CN_cap;DualResidual_ETS;DualResidual_EOM;DualResidual_REC;DualResidual_H2;DualResidual_H2CN_prod;DualResidual_H2CN_cap
1.0;10.585492523061324;0.0;1.1830861387391425;1.31274697432899;1.2773722382777093;0.08281678141935297;3.525076358781757;10.643348105653233;0.8819370733760632;8.75424559016126;2.0011182566659143;0.1208099174043384;3.3888447576268153
2.0;10.433879476621609;0.0;1.1798138793664366;1.2959811244808421;2.3361983590818634;0.07983921102425062;3.5382550908112167;11.054950611858347;0.9294799517545381;8.758478258096757;1.9087632624187245;0.1312810495080666;3.378230964152758
