Iterations;PrimalResidual_ETS;PrimalResidual_MSR;PrimalResidual_EOM;PrimalResidual_REC;PrimalResidual_H2;PrimalResidual_H2CN_prod;PrimalResidual_H2CN_cap;DualResidual_ETS;DualResidual_EOM;DualResidual_REC;DualResidual_H2;DualResidual_H2CN_prod;DualResidual_H2CN_cap
1.0;16.524441781731376;0.0;1.0633132253979312;1.2362657964716322;1.09657737093115;0.07740245861714933;0.0;9.592721437920986;0.9791901994824915;7.561343280899716;1.9890031262725532;0.03032938582263038;0.0
2.0;16.453050782946036;0.0;1.0606559349967588;1.2898167852625295;1.0785371555306345;0.06303060118487272;0.0;9.637833508976025;1.0342220724070927;7.571003180679857;1.9875208646688651;0.03145107150395917;0.0
