Iterations;PrimalResidual_ETS;PrimalResidual_MSR;PrimalResidual_EOM;PrimalResidual_REC;PrimalResidual_H2;PrimalResidual_H2CN_prod;PrimalResidual_H2CN_cap;DualResidual_ETS;DualResidual_EOM;DualResidual_REC;DualResidual_H2;DualResidual_H2CN_prod;DualResidual_H2CN_cap
1.0;12.019854485855092;0.0;1.183438469296685;1.8439146272204716;1.040855584465584;0.17994050839654593;0.013925783320561406;7.169957199090052;0.8589559243740182;9.33572213529625;1.5497936494958815;0.19464844176954893;0.028077099847921824
2.0;11.986819528132921;0.0;1.1796449619605551;1.8261694748750565;1.0483518735622817;0.17715204363689763;0.014541437410051075;7.171331218918974;0.8460757236375307;9.338791387681447;1.5704088846424713;0.1927911371060094;0.018738251856939867
