Iterations;PrimalResidual_ETS;PrimalResidual_MSR;PrimalResidual_EOM;PrimalResidual_REC;PrimalResidual_H2;PrimalResidual_H2CN_prod;PrimalResidual_H2CN_cap;DualResidual_ETS;DualResidual_EOM;DualResidual_REC;DualResidual_H2;DualResidual_H2CN_prod;DualResidual_H2CN_cap
1.0;10.190127951564275;0.0;1.1817581126047874;1.4783934775096006;3.717476211782297;0.08381932741383995;5.784176451778268;10.23648472690331;0.8364485025319611;8.761817024952135;1.921341759326696;0.1536129768052073;3.4073384316069517
2.0;10.204882976077055;0.0;1.1780991230396425;1.4604573159179268;3.7831067566340386;0.09187442315102244;5.802692901712312;10.3339476180415;0.8442117447459037;8.765656937484492;1.9171518137264656;0.15913455665881648;3.361034069895607
