Iterations;PrimalResidual_ETS;PrimalResidual_MSR;PrimalResidual_EOM;PrimalResidual_REC;PrimalResidual_H2;PrimalResidual_H2CN_prod;PrimalResidual_H2CN_cap;DualResidual_ETS;DualResidual_EOM;DualResidual_REC;DualResidual_H2;DualResidual_H2CN_prod;DualResidual_H2CN_cap
1.0;11.186349105137388;0.0;1.1831724006731075;0.4807089176233992;1.0763513013142745;0.0;7.483276146098917;12.210317161903323;0.7171876771806482;8.07582929753487;1.9204735494019987;0.0;3.86297651271564
2.0;11.060423629002642;0.0;1.180797506752239;0.4759119536274138;1.1238758483148144;0.0;7.501163700908387;12.468160131385142;0.7073911595157668;8.078043907627972;1.9149312541429233;0.0;3.901923371280452
