Iterations;PrimalResidual_ETS;PrimalResidual_MSR;PrimalResidual_EOM;PrimalResidual_REC;PrimalResidual_H2;PrimalResidual_H2CN_prod;PrimalResidual_H2CN_cap;DualResidual_ETS;DualResidual_EOM;DualResidual_REC;DualResidual_H2;DualResidual_H2CN_prod;DualResidual_H2CN_cap
1.0;4.647249619488448;0.0;0.5649486562858378;1.2986988760970843;0.8065404858680348;0.0;0.0;4.579636425724932;0.6547529382239268;3.228825596729399;0.7629603531412399;0.0;0.0
2.0;4.6537500971668555;0.0;0.5638341943489532;1.2754759308860402;0.7969732606163865;0.0;0.0;4.601135506689063;0.5451364537897839;3.2306901056979704;0.7608833885913973;0.0;0.0
