Iterations;PrimalResidual_ETS;PrimalResidual_MSR;PrimalResidual_EOM;PrimalResidual_REC;PrimalResidual_H2;PrimalResidual_H2CN_prod;PrimalResidual_H2CN_cap;DualResidual_ETS;DualResidual_EOM;DualResidual_REC;DualResidual_H2;DualResidual_H2CN_prod;DualResidual_H2CN_cap
1.0;10.355114073314637;0.0;1.1824684597187114;1.513862969299168;1.0182860678946268;0.11261586424790462;4.339934495122793;10.172565141547272;0.9117524598395091;8.8192282567258;1.9353614637511753;0.27120752611653287;3.020143498538507
2.0;10.202577333014297;0.0;1.1803346933682883;1.4962528843847904;1.006845365178731;0.11810949973391408;4.352048054890284;10.613771408261861;0.7242933298793034;8.828875145029544;1.9433020516956667;0.25839161268534716;2.954845725540381
