Iterations;PrimalResidual_ETS;PrimalResidual_MSR;PrimalResidual_EOM;PrimalResidual_REC;PrimalResidual_H2;PrimalResidual_H2CN_prod;PrimalResidual_H2CN_cap;DualResidual_ETS;DualResidual_EOM;DualResidual_REC;DualResidual_H2;DualResidual_H2CN_prod;DualResidual_H2CN_cap
1.0;10.277293171565622;0.0;1.181692278724939;1.2991991973840993;3.770135440407856;0.16493802450874992;6.871830117334502;12.900274992208503;0.9251043681356369;8.86934864277557;1.8576375453599687;0.0702164922737181;3.5857711481384977
2.0;10.302846659600004;0.0;1.177935550662553;1.2832072189545767;4.227755875627977;0.17140233225644155;6.8543641134162625;12.905677760797262;0.9536846242283747;8.86925392925015;1.8289657070762733;0.06308141765084173;3.61246727839894
