Iterations;PrimalResidual_ETS;PrimalResidual_MSR;PrimalResidual_EOM;PrimalResidual_REC;PrimalResidual_H2;PrimalResidual_H2CN_prod;PrimalResidual_H2CN_cap;DualResidual_ETS;DualResidual_EOM;DualResidual_REC;DualResidual_H2;DualResidual_H2CN_prod;DualResidual_H2CN_cap
1.0;10.51873322676672;0.0;1.181541538491321;1.6523846746150652;1.3002606716794576;0.414515018517653;3.3470852810939946;11.130214464927686;0.9387874823807271;8.433615229521541;2.108838926816496;0.09364435126550906;3.624994625372862
2.0;10.382877849632756;0.0;1.1801001637157946;1.7189830509682305;3.1575553623670114;0.42840156406589525;3.359022656667245;11.537078968312487;0.9335967602579357;8.433363796342572;1.9886822979833145;0.0896622226004236;3.5896251937492236
