Iterations;PrimalResidual_ETS;PrimalResidual_MSR;PrimalResidual_EOM;PrimalResidual_REC;PrimalResidual_H2;PrimalResidual_H2CN_prod;PrimalResidual_H2CN_cap;DualResidual_ETS;DualResidual_EOM;DualResidual_REC;DualResidual_H2;DualResidual_H2CN_prod;DualResidual_H2CN_cap
1.0;10.843528750888051;0.0;1.1814480942036003;1.965194681299762;0.9785303532037707;0.5174986986714554;2.572300925586947;7.046041115460968;0.8613148867552093;8.865993788031727;1.9035013999030508;0.35026742197918037;1.3485173706131985
2.0;10.80190578476573;0.0;1.1793688967873748;1.953769540605223;1.0645113161027946;0.4859682916816636;2.572906150245117;7.14141726660403;0.802546424442293;8.86998610759039;1.9114907270077557;0.350592740049403;1.3561280199167074
