Iterations;PrimalResidual_ETS;PrimalResidual_MSR;PrimalResidual_EOM;PrimalResidual_REC;PrimalResidual_H2;PrimalResidual_H2CN_prod;PrimalResidual_H2CN_cap;DualResidual_ETS;DualResidual_EOM;DualResidual_REC;DualResidual_H2;DualResidual_H2CN_prod;DualResidual_H2CN_cap
1.0;9.283862224395769;0.0;1.1824910513350875;1.7377195733052546;1.133970313641143;0.3254716401090816;7.051051848075277;12.893656821571943;0.9542908522342044;8.864402563187152;1.9117028055230567;0.24580199098603542;3.761277736290124
2.0;9.276107395789653;0.0;1.1805657869330155;1.7170145788265543;1.1169742827391422;0.32153335150052115;7.057328998679796;12.9185680493335;0.9422167097183003;8.864892166930767;1.9117470916483794;0.24129699094339213;3.765100972677441
