Iterations;PrimalResidual_ETS;PrimalResidual_MSR;PrimalResidual_EOM;PrimalResidual_REC;PrimalResidual_H2;PrimalResidual_H2CN_prod;PrimalResidual_H2CN_cap;DualResidual_ETS;DualResidual_EOM;DualResidual_REC;DualResidual_H2;DualResidual_H2CN_prod;DualResidual_H2CN_cap
1.0;10.819039734864454;0.0;1.1831890731242931;1.9177278944029676;0.9294641314798313;0.16479483284353605;0.0;7.5484392407563305;0.8257146876650551;8.755553416546489;1.6687633681638803;0.18340734900208197;0.0
2.0;10.745803429730971;0.0;1.179072483123608;1.9081935465303834;0.9171097327712951;0.15958340810950758;0.0;7.708524806871255;0.9080587189677615;8.760296612186437;1.684742690343471;0.18248840119897058;0.0
