Iterations;PrimalResidual_ETS;PrimalResidual_MSR;PrimalResidual_EOM;PrimalResidual_REC;PrimalResidual_H2;PrimalResidual_H2CN_prod;PrimalResidual_H2CN_cap;DualResidual_ETS;DualResidual_EOM;DualResidual_REC;DualResidual_H2;DualResidual_H2CN_prod;DualResidual_H2CN_cap
1.0;10.374726394664693;0.0;1.1841476345277633;1.355438949635956;1.1156439804417784;0.04347076825177771;4.12349225895708;11.204998212633996;0.8265192103260129;8.816347154494837;2.0651116970129513;0.07745359750330152;3.9634041659828907
2.0;10.232742780542825;0.0;1.1795908479723256;1.3392648583117304;1.1211513673779219;0.04535931311844686;4.136974492796861;11.688498724280164;0.7788523573719669;8.819700956968006;2.073447282491557;0.08677538034855578;3.863562907519052
