Iterations;PrimalResidual_ETS;PrimalResidual_MSR;PrimalResidual_EOM;PrimalResidual_REC;PrimalResidual_H2;PrimalResidual_H2CN_prod;PrimalResidual_H2CN_cap;DualResidual_ETS;DualResidual_EOM;DualResidual_REC;DualResidual_H2;DualResidual_H2CN_prod;DualResidual_H2CN_cap
1.0;15.428868248773691;0.0;1.182628838172842;1.228829053614654;4.714872979842334;0.0;0.00024531834354256756;8.262108589940857;0.7881930319437193;7.62957676012195;1.4577890975580037;0.0;0.0004990100453449006
2.0;15.356700801450424;0.0;1.179320979364218;1.1789799336107611;5.808962309132585;0.0;0.0002560209442681623;7.761622333149645;0.8609972051916096;7.634379703672284;1.4143392289667174;0.0;0.00032576030381909106
