Iterations;PrimalResidual_ETS;PrimalResidual_MSR;PrimalResidual_EOM;PrimalResidual_REC;PrimalResidual_H2;PrimalResidual_H2CN_prod;PrimalResidual_H2CN_cap;DualResidual_ETS;DualResidual_EOM;DualResidual_REC;DualResidual_H2;DualResidual_H2CN_prod;DualResidual_H2CN_cap
1.0;11.24549125128525;0.0;1.1809654572202135;1.8491315878309709;0.9591614142097535;0.16253643215683536;2.381769614062475;9.11615945729597;0.9901002236654327;8.788303716800229;1.9720462221257258;0.314954909483255;1.341416286312817
2.0;11.096307245172195;0.0;1.1783129213445358;1.826160417211542;0.983368651760702;0.1639808613981998;2.398511759519239;9.592199638551893;1.0289009694564502;8.795535053629674;1.978106960443002;0.32734430606732007;1.3653952932600333
