Iterations;PrimalResidual_ETS;PrimalResidual_MSR;PrimalResidual_EOM;PrimalResidual_REC;PrimalResidual_H2;PrimalResidual_H2CN_prod;PrimalResidual_H2CN_cap;DualResidual_ETS;DualResidual_EOM;DualResidual_REC;DualResidual_H2;DualResidual_H2CN_prod;DualResidual_H2CN_cap
1.0;9.077485351217407;0.0;1.1828094147569406;1.8871037657848855;2.9515749562519247;0.2918893898541536;6.880389566990221;13.112312020972624;0.9017513949410326;8.810446942662582;1.8909331333228772;0.2194414729785642;3.628921165629552
2.0;9.189699151424184;0.0;1.1799477615511462;1.863047393096018;2.104508788892179;0.30474739111412286;6.889312230083684;12.928996038932963;0.9216781816003677;8.811445386566481;1.8947491768619011;0.21522388130869452;3.6275392522391425
