Iterations;PrimalResidual_ETS;PrimalResidual_MSR;PrimalResidual_EOM;PrimalResidual_REC;PrimalResidual_H2;PrimalResidual_H2CN_prod;PrimalResidual_H2CN_cap;DualResidual_ETS;DualResidual_EOM;DualResidual_REC;DualResidual_H2;DualResidual_H2CN_prod;DualResidual_H2CN_cap
1.0;15.428868780877261;0.0;1.182627870015914;1.228827478884305;4.714926826030388;0.0;0.00026103109203410517;8.262113484200512;0.7881716183748532;7.6295787108406685;1.4577856425578495;0.0;0.0005309848993858805
2.0;15.356703047865258;0.0;1.1793206841322978;1.1789834764876783;5.808973645942652;0.0;0.00027241878226420493;7.761619263282411;0.8609692249797883;7.634383312497016;1.4143409282754902;0.0;0.000346612746447576
