Iterations;PrimalResidual_ETS;PrimalResidual_MSR;PrimalResidual_EOM;PrimalResidual_REC;PrimalResidual_H2;PrimalResidual_H2CN_prod;PrimalResidual_H2CN_cap;DualResidual_ETS;DualResidual_EOM;DualResidual_REC;DualResidual_H2;DualResidual_H2CN_prod;DualResidual_H2CN_cap
1.0;11.356807660372665;0.0;1.1830258810479723;1.4355707481803155;1.3250801184831162;0.4304321935745719;5.735982832681525;11.237218695330485;0.7608582868534087;8.5257104622242;2.1793471052601774;0.10288666641113196;3.769995459563713
2.0;11.21302285522984;0.0;1.179994720585612;1.4974166277245928;1.3616515532295108;0.5612438782731244;5.744879684362561;11.522133562158812;0.8377760300186101;8.516849453731716;2.175056296128427;0.10912766581640962;3.7770733046110894
