Iterations;PrimalResidual_ETS;PrimalResidual_MSR;PrimalResidual_EOM;PrimalResidual_REC;PrimalResidual_H2;PrimalResidual_H2CN_prod;PrimalResidual_H2CN_cap;DualResidual_ETS;DualResidual_EOM;DualResidual_REC;DualResidual_H2;DualResidual_H2CN_prod;DualResidual_H2CN_cap
1.0;11.526269921910727;0.0;1.1820525166918292;1.925323772279749;0.9327656860394702;0.2048116931246257;0.018124788452463562;7.794165393807327;0.9758371883972247;8.79035805850107;1.626858780300027;0.17317289677650433;0.0074909955177344684
2.0;11.429560864540898;0.0;1.1796699250862048;1.9109393869345348;0.9018678703247279;0.18860018266188155;0.01709520944068511;8.144461189126083;1.0722424349901925;8.795649411803613;1.646410712589496;0.17333220355201276;0.03447019419933115
