Iterations;PrimalResidual_ETS;PrimalResidual_MSR;PrimalResidual_EOM;PrimalResidual_REC;PrimalResidual_H2;PrimalResidual_H2CN_prod;PrimalResidual_H2CN_cap;DualResidual_ETS;DualResidual_EOM;DualResidual_REC;DualResidual_H2;DualResidual_H2CN_prod;DualResidual_H2CN_cap
1.0;10.683515773422048;0.0;1.1814984638356942;1.9377384459068667;0.8089140945942441;0.13321552517074817;1.5586294183104124;7.908843012134787;0.8151097367840953;8.729827189365526;1.6997096850958338;0.26509853646114034;1.1863400725844684
2.0;10.611863277322188;0.0;1.1773066329669315;1.9205554000744545;0.903863081826632;0.12875798686108225;1.5560067716178352;8.152747408755177;0.8963057430389874;8.733909755747629;1.7072416110341477;0.2656890300653934;1.1628197340861846
