Iterations;PrimalResidual_ETS;PrimalResidual_MSR;PrimalResidual_EOM;PrimalResidual_REC;PrimalResidual_H2;PrimalResidual_H2CN_prod;PrimalResidual_H2CN_cap;DualResidual_ETS;DualResidual_EOM;DualResidual_REC;DualResidual_H2;DualResidual_H2CN_prod;DualResidual_H2CN_cap
1.0;11.830309603821927;0.0;1.1811950857650144;1.9572376244492147;1.0316029349434321;0.3144439230265834;2.170092579797531;7.199991150703;0.9565280130933201;8.795045917884808;1.8052005988228004;0.2535206377814812;1.371278129092946
2.0;11.782193098342589;0.0;1.1779439371926834;1.9407254825753013;1.077494222904942;0.28780484449306587;2.16837773069279;7.372517645993128;1.0588742320072144;8.798052945887587;1.8206689593573977;0.2501212277683475;1.3982341638555473
