Iterations;PrimalResidual_ETS;PrimalResidual_MSR;PrimalResidual_EOM;PrimalResidual_REC;PrimalResidual_H2;PrimalResidual_H2CN_prod;PrimalResidual_H2CN_cap;DualResidual_ETS;DualResidual_EOM;DualResidual_REC;DualResidual_H2;DualResidual_H2CN_prod;DualResidual_H2CN_cap
1.0;10.250271605919641;0.0;1.1820442023878668;1.451242671827987;0.8883955704656351;0.09138861595284725;1.170553041401345;10.540629283210265;0.9252863109258942;8.795029358469979;1.7579443701693966;0.1105242844210809;2.1496296569298923
2.0;10.181475829997883;0.0;1.1782216415929665;1.43195370028716;0.8799532312841974;0.09444941580220059;1.17683933438991;10.783010827583812;0.9125338722725707;8.798512523132915;1.7759367948335012;0.10765578819209969;2.1071357660873975
