Iterations;PrimalResidual_ETS;PrimalResidual_MSR;PrimalResidual_EOM;PrimalResidual_REC;PrimalResidual_H2;PrimalResidual_H2CN_prod;PrimalResidual_H2CN_cap;DualResidual_ETS;DualResidual_EOM;DualResidual_REC;DualResidual_H2;DualResidual_H2CN_prod;DualResidual_H2CN_cap
1.0;10.527943888406668;0.0;1.1824251411054978;1.6446933643598924;1.053333221997763;0.12712564855892702;5.8871631284795365;10.752567248193444;0.8444054474685089;8.808927693877987;1.937328233217418;0.2401421228354362;3.256909932386935
2.0;10.386021861063023;0.0;1.1797495264242739;1.6264437532516827;1.0228586149508705;0.1279761813469458;5.887302313627602;10.978626763188696;0.8070732220209568;8.81142203905663;1.934683073623727;0.24034632324775815;3.2828003977677933
