Iterations;PrimalResidual_ETS;PrimalResidual_MSR;PrimalResidual_EOM;PrimalResidual_REC;PrimalResidual_H2;PrimalResidual_H2CN_prod;PrimalResidual_H2CN_cap;DualResidual_ETS;DualResidual_EOM;DualResidual_REC;DualResidual_H2;DualResidual_H2CN_prod;DualResidual_H2CN_cap
1.0;10.143881186244753;0.0;1.183108358804583;1.7266967160867213;3.3858976472508937;0.14870943153348906;2.425971050180722;10.565400767639417;0.8809506930943799;8.777189930715894;1.8437418698323373;0.28865109335544425;1.7417638772109656
2.0;10.040746835490822;0.0;1.1795438351306389;1.7070345770626443;3.268257492456147;0.15409539914386208;2.42959704008091;10.820370177439077;0.9165893505485225;8.782272688295716;1.853388350374181;0.2953375652514684;1.7350067250304997
