Iterations;PrimalResidual_ETS;PrimalResidual_MSR;PrimalResidual_EOM;PrimalResidual_REC;PrimalResidual_H2;PrimalResidual_H2CN_prod;PrimalResidual_H2CN_cap;DualResidual_ETS;DualResidual_EOM;DualResidual_REC;DualResidual_H2;DualResidual_H2CN_prod;DualResidual_H2CN_cap
1.0;11.521900840383772;0.0;1.1815745182543187;1.8751988828829926;3.9232063264658215;0.4712950094138298;5.945523836798945;11.241687307648661;0.8552427113940406;8.481322457332837;2.0544574783778176;0.19859016654067774;3.9899988402010105
2.0;11.397041253569999;0.0;1.179787227604158;1.8985219108983002;4.4407739368552805;0.4204687153808437;5.937180900440614;11.406641820947351;0.7593028326981941;8.4829986404679;2.034597147361428;0.20480801928571182;3.9874005080677564
